ticker,exchange,industry,market_cap,roe,stock_rating,business_operation,business_model,financial_health,alpha,beta,uptrend,active_buy_pct,strong_buy_pct,high_vol_match,forecast_vol_ratio,pe,pb,ev_ebitda,dividend_yield,price_vs_sma5,price_vs_sma20,revenue_growth_1y,revenue_growth_5y,eps_growth_1y,eps_growth_5y,gross_margin,net_margin,doe,avg_trading_value_5d,avg_trading_value_10d,avg_trading_value_20d,relative_strength_3d,rel_strength_1m,rel_strength_3m,rel_strength_1y,total_trading_value,foreign_transaction,price_near_realtime,rsi14,foreign_vol_pct,tc_rs,tcbs_recommend,tcbs_buy_sell_signal,foreign_buysell_20s,num_increase_continuous_day,num_decrease_continuous_day,eps,macd_histogram,vol_vs_sma5,vol_vs_sma10,vol_vs_sma20,vol_vs_sma50,price_vs_sma10,price_vs_sma50,price_break_out52_week,price_wash_out52_week,sar_vs_macd_hist,bolling_band_signal,dmi_signal,rsi14_status,price_growth_1w,price_growth_1m,breakout,prev_1d_growth_pct,prev_1m_growth_pct,prev_1y_growth_pct,prev_5y_growth_pct,has_financial_report,free_transfer_rate,net_cash_per_market_cap,net_cash_per_total_assets,profit_last_4q,last_quarter_revenue_growth,second_quarter_revenue_growth,last_quarter_profit_growth,second_quarter_profit_growth,pct_1y_from_peak,pct_away_from_hist_peak,pct_1y_from_bottom,pct_off_hist_bottom,price_vs_sma100,heating_up,price_growth1_day,vsma5,vsma10,vsma20,vsma50,corporate_percentage,ev,quarter_revenue_growth,quarter_income_growth,peg_forward,peg_trailing,quarterly_income,quarterly_revenue,ps,roa,npl,nim,price_vs_sma200,eps_ttm_growth1_year,eps_ttm_growth5_year,equity_mi,eps_recently,percent_price_vs_ma200,percent_price_vs_ma20,percent_price_vs_ma50,percent_price_vs_ma100
ABB,UPCOM,Ngân hàng,13699.0,10.1,2.7,1.9,3.0,2.2,0.2,0.8,,32.9,35.3,0.0,0.6,9.4,0.9,,0.0,,Giá cắt xuống SMA(20),4.27,4.43,29.12,-17.27,,42.32,,188.16,171.54,162.29,85.0,97.0,96.0,88.0,42.36,,12.8,57.7,16.47,92.0,,Trung tính,595.0,,1.0,1406.0,MACD Histogram < 0 và giảm dần,0.3,0.3,0.3,0.4,,Giá nằm trên SMA(50),,,,Tín hiệu bán,,Trung tính,-4.13,27.6,,-3.29,27.6,64.08,,Có,50.0,,,1455.3,72.0,48.8,277.8,116.3,-10.5,-22.2,109.8,127.9,Giá nằm trên SMA(100),,-3.29,12110.3,11944.5,12697.5,7484.6,34.2,,81.3,201.5,0.3,0.0,1002.0,2369.0,,0.8,2.7,1.9,,338.8,51.52,15327.0,1406.0,54.2,-1.0,22.0,41.1
AIC,UPCOM,Bảo hiểm,1050.0,,2.0,1.1,,3.4,-0.1,0.3,,,67.4,,,,,,0.0,,,,,,,,,0.0,0.03,0.02,0.02,32.0,12.0,7.0,14.0,,,,,75.07,16.0,,,0.0,0.0,0.0,,,,,,,,,,,,,,,,,,,,,,Có,15.0,,,,,,,,,,,,,,,,,,,87.0,,2.1,86.2,,,16.0,627.0,,,,,,,,1133.0,-36.0,,,,
AIG,UPCOM,Thực phẩm và đồ uống,7639.0,19.0,2.3,1.7,,4.2,-0.2,0.6,,33.3,20.6,2.2,0.1,,,,0.0,Giá cắt lên SMA(5),Giá nằm dưới SMA(20),,,,,16.56,6.82,0.4,0.55,0.61,0.83,61.0,38.0,18.0,,0.05,,45.5,51.1,44.56,39.0,,Mua,1.0,,1.0,,MACD Histogram < 0 và tăng dần,0.2,0.1,0.1,0.1,,Giá cắt lên SMA(50),,,,,,Trung tính,-0.94,1.23,,1.62,1.23,,,Có,100.0,,-16.6,537.5,,,,,-31.1,-22.3,28.2,21.3,Giá nằm trên SMA(100),,1.62,7.5,11.7,16.7,14.6,44.6,,9.4,-3.1,,,205.0,3664.0,,9.5,,,,,,5581.0,3151.0,,-0.1,0.9,2.9
AME,HNX,Hàng & Dịch vụ Công nghiệp,541.0,4.0,2.2,2.4,3.5,2.2,0.2,0.8,,,74.0,130.9,1.5,16.5,0.7,12.6,0.0,,Giá nằm dưới SMA(20),52.18,27.28,7.09,-14.33,5.97,1.29,1.6,0.01,0.01,0.01,27.0,26.0,10.0,50.0,0.0,,7.8,43.5,2.28,28.0,,Bán,2.0,,1.0,503.0,MACD Histogram < 0 và giảm dần,0.6,0.8,0.3,0.1,,Giá nằm trên SMA(50),,,,,,Trung tính,-9.3,-2.5,,-6.02,-2.5,39.29,4.0,Có,15.0,-262.1,-41.7,32.8,18.1,133.1,135.1,48.4,-16.1,-61.4,81.4,544.5,Giá nằm trên SMA(100),,-6.02,0.5,0.4,1.0,2.6,99.5,2.0,12.6,1090.4,,0.3,16.0,1266.0,0.1,1.1,,,,52.89,67.46,827.0,503.0,42.8,-8.1,8.2,29.0
ANT,UPCOM,Thực phẩm và đồ uống,537.0,34.4,,4.0,,2.6,0.1,0.8,,40.5,43.1,3.5,0.8,5.4,1.6,7.4,0.0,Giá cắt lên SMA(5),Giá nằm dưới SMA(20),85.72,30.68,436.85,37.19,27.75,6.1,2.5,0.84,1.19,1.26,,,,,0.24,,27.5,46.0,0.17,,,Trung tính,0.0,,1.0,4883.0,MACD Histogram < 0 và tăng dần,0.5,0.2,0.2,0.2,Giá cắt lên SMA(10),Giá nằm dưới SMA(50),,,,,,Thoát vùng quá bán,-0.48,-5.03,,5.08,-5.03,75.48,403.84,Có,30.0,-168.1,-61.0,100.1,,,,,-16.7,-12.6,82.2,1033.7,Giá nằm trên SMA(100),,5.08,19.0,37.6,48.1,41.6,51.6,1.0,2.6,-21.0,,0.0,29.0,479.0,0.3,8.0,,,,,,343.0,4883.0,20.2,-2.1,-4.3,3.4
ANV,HSX,Thực phẩm và đồ uống,6457.0,16.3,2.4,1.5,3.0,4.0,0.0,1.3,,60.5,47.1,0.4,1.5,13.0,2.0,12.6,0.0,,Giá cắt lên SMA(20),10.64,1.85,22.05,-49.63,28.17,19.28,0.4,169.07,157.06,164.73,5.0,61.0,95.0,83.0,75.01,Mua > Bán,25.85,53.6,2.77,61.0,Chờ mua,Trung tính,915.0,,3.0,1871.0,MACD Histogram < 0 và giảm dần,0.5,0.6,0.5,0.6,,Giá nằm trên SMA(50),,,,Tín hiệu mua,,Trung tính,-2.82,10.94,,6.6,10.94,59.75,260.86,Có,40.0,-21.2,-26.6,498.0,44.6,8.9,,681.0,-8.3,-11.8,108.5,3713.9,Giá nằm trên SMA(100),,6.6,5483.8,5347.9,6224.4,5336.7,4.9,8.0,56.0,152.1,0.2,0.0,333.0,1726.0,1.2,9.9,,,,3190.29,16.91,3262.0,1871.0,38.2,0.6,11.5,34.2
BAB,HNX,Ngân hàng,15702.0,9.5,2.8,2.2,3.0,4.1,0.0,1.1,,50.8,69.5,0.7,0.4,14.1,1.3,,0.0,,Giá nằm trên SMA(20),20.18,10.8,18.36,-0.72,,24.55,,1.08,1.15,0.79,38.0,89.0,83.0,75.0,0.1,Mua < Bán,15.0,59.4,0.0,71.0,,Mua,5.0,,1.0,1057.0,MACD Histogram < 0 và giảm dần,0.1,0.1,0.1,0.2,,Giá nằm trên SMA(50),,,,,,Trung tính,-3.23,21.95,,0.67,21.95,35.97,17.42,Có,75.0,,,1114.1,17.2,14.1,49.4,8.2,-8.0,-40.8,55.7,54.1,Giá nằm trên SMA(100),,0.67,64.6,74.6,56.5,35.3,,,3.6,-17.0,0.4,0.6,243.0,991.0,,0.7,1.3,2.0,,22.74,62.53,12204.0,1057.0,29.2,3.7,15.7,25.1
BCR,UPCOM,Xây dựng và Vật liệu,895.0,5.1,2.3,1.6,,3.8,-0.6,1.2,,,,,,3.5,0.2,-250.9,0.0,,,,,190.03,,6.24,219.64,0.5,1.31,2.16,3.01,35.0,2.0,2.0,0.0,,,,,0.07,10.0,,,-26.0,,1.0,547.0,,,,,,,,,,,,,,,,,,,,,Không,35.0,-341.4,-23.0,259.1,,,,,,,,,,,,,,,,71.9,6.0,,,,,,,,2.0,,,,,,,547.0,,,,
BVB,UPCOM,Ngân hàng,10600.0,2.4,2.4,2.9,3.1,1.4,0.0,1.2,,43.1,46.7,0.1,0.4,,,,0.0,,Giá nằm trên SMA(20),41.17,17.05,,,,18.27,,222.17,196.99,177.84,96.0,84.0,77.0,79.0,44.31,Mua > Bán,16.2,63.1,0.12,84.0,,Mua mạnh,292.0,,1.0,,MACD Histogram > 0 và giảm dần,0.2,0.2,0.2,0.3,,Giá nằm trên SMA(50),,,,,,Trung tính,6.73,12.27,,-2.07,12.27,39.34,104.38,Có,90.0,,,,,,,,-8.5,-21.9,72.3,194.1,Giá nằm trên SMA(100),,-2.07,12662.9,11874.9,11297.2,7997.8,5.0,,22.9,-83.9,,,10.0,684.0,,0.2,5.2,1.4,,,,6919.0,231.0,26.2,7.8,14.7,22.1
CTG,HSX,Ngân hàng,273333.0,20.2,3.3,3.6,4.8,3.6,0.0,1.1,,42.5,48.2,1.4,0.5,9.1,1.7,,0.0,Giá cắt xuống SMA(5),Giá nằm trên SMA(20),16.1,15.12,27.36,19.11,,46.62,,829.49,782.91,670.83,91.0,79.0,78.0,82.0,177.69,Mua < Bán,50.4,63.7,26.79,82.0,Chờ bán,Mua,-26029.0,,1.0,5608.0,MACD Histogram > 0 và giảm dần,0.2,0.2,0.2,0.3,,Giá nằm trên SMA(50),,,,,,Trung tính,2.86,10.28,,-0.98,10.28,44.21,209.56,Có,15.0,,,30112.9,6.5,7.3,80.2,9.3,-5.6,-2.7,54.1,830.6,Giá nằm trên SMA(100),,-0.98,13950.6,14874.8,14768.9,10212.6,86.6,,2.3,78.4,0.4,0.2,9670.0,20917.0,,1.3,1.3,2.7,,48.29,170.01,162724.0,5608.0,25.8,4.8,11.3,20.7
CTI,HSX,Xây dựng và Vật liệu,1515.0,10.1,2.3,2.4,3.1,2.0,0.1,0.9,,74.7,80.1,0.0,0.6,10.6,1.0,7.7,0.0,,Giá nằm dưới SMA(20),36.49,6.89,29.49,1.39,39.59,15.19,1.2,69.0,67.41,73.91,6.0,25.0,59.0,82.0,15.32,Mua < Bán,24.35,38.9,2.5,43.0,,Bán,14.0,,4.0,2263.0,MACD Histogram < 0 và giảm dần,0.3,0.3,0.2,0.3,,Giá nằm dưới SMA(50),,,,,,Trung tính,-9.81,-4.13,,1.25,-4.13,51.71,114.31,Có,95.0,-134.6,-42.6,142.6,36.9,9.8,163.6,36.9,-15.9,-21.0,64.5,703.7,Giá nằm trên SMA(100),,1.25,2208.1,2346.9,2598.2,2391.8,18.3,4.0,24.3,38.2,0.5,0.1,53.0,351.0,1.2,3.1,,,,90.77,38.56,1573.0,2263.0,14.8,-7.7,-3.9,6.5
D2D,HSX,Bất động sản,1089.0,37.6,2.9,2.5,3.1,5.0,0.1,0.7,,67.7,35.6,3.0,0.3,3.5,1.5,2.1,32.7,,Giá nằm dưới SMA(20),77.75,-14.63,242.52,-25.14,51.21,37.5,0.0,6.28,7.98,9.28,31.0,14.0,23.0,74.0,0.69,Mua > Bán,36.0,37.1,3.77,36.0,,Bán,406.0,,4.0,10196.0,MACD Histogram < 0 và giảm dần,0.1,0.1,0.1,0.1,,Giá nằm dưới SMA(50),,,,,,Trung tính,-5.51,-3.74,,0.0,-3.74,36.53,53.88,Có,45.0,22.1,15.7,308.5,1908.7,257.2,,752.7,-10.0,-8.8,45.5,2647.3,Giá nằm trên SMA(100),,0.0,150.6,187.3,219.4,178.4,66.6,1.0,499.4,2389.3,0.1,0.0,207.0,552.0,1.2,19.9,,,,2232.37,-32.81,708.0,10196.0,14.0,-5.0,-1.0,2.7
DBC,HSX,Thực phẩm và đồ uống,10584.0,25.1,2.7,3.0,3.8,3.6,-0.1,1.1,,34.6,89.1,0.3,0.5,6.8,1.4,6.0,0.0,,Giá nằm dưới SMA(20),22.17,13.56,2975.45,-5.47,21.6,13.27,0.7,342.26,350.06,415.77,28.0,22.0,57.0,53.0,60.3,Mua < Bán,27.1,33.5,3.57,40.0,Chờ bán,Bán mạnh,-6026.0,1.0,,4070.0,MACD Histogram < 0 và giảm dần,0.2,0.2,0.2,0.2,,Giá nằm dưới SMA(50),,,,,,Trung tính,-10.71,-9.14,,-1.45,-9.14,11.1,83.99,Có,65.0,-43.2,-31.4,1566.3,20.0,11.0,248.6,600.0,-16.2,-13.3,42.0,2361.0,Giá nằm trên SMA(100),,-1.45,9425.3,10627.6,11662.0,11433.1,27.8,15.0,5.8,-0.3,0.1,0.0,507.0,3820.0,0.7,11.2,,,,560.99,52.42,7576.0,4070.0,6.6,-8.5,-7.3,1.5
DCM,HSX,Hóa chất,20223.0,16.9,3.1,3.0,4.1,5.0,-0.1,1.0,,61.7,27.0,1.0,0.4,12.0,2.0,9.7,5.9,,Giá nằm dưới SMA(20),7.04,13.82,28.02,27.21,20.55,13.02,0.2,368.14,322.53,323.93,14.0,77.0,70.0,49.0,53.53,Mua > Bán,39.0,52.2,6.68,52.0,Mua,Trung tính,10165.0,,4.0,3186.0,MACD Histogram < 0 và giảm dần,0.2,0.2,0.2,0.2,,Giá nằm trên SMA(50),,,,,,Trung tính,-4.88,10.8,,2.09,10.8,10.11,505.86,Có,25.0,10.1,11.4,1686.7,56.3,24.1,34.5,18.9,-11.1,-10.0,66.8,949.1,Giá nằm trên SMA(100),,2.09,6682.0,7011.2,8329.9,6359.2,85.5,18.0,77.2,91.1,0.4,0.9,786.0,6037.0,1.2,9.7,,,,12.65,245.11,10217.0,3186.0,16.4,-0.5,7.6,16.4
DDV,UPCOM,Hóa chất,4389.0,19.6,3.0,3.0,3.8,5.0,0.2,1.1,,41.9,51.8,0.0,0.3,12.4,2.3,8.2,4.7,,Giá nằm dưới SMA(20),5.79,15.38,144.05,97.14,14.86,9.55,0.0,57.8,59.07,65.43,11.0,48.0,81.0,87.0,7.96,Mua > Bán,29.9,40.2,4.92,57.0,Chờ mua,Bán,833.0,,4.0,2413.0,MACD Histogram < 0 và giảm dần,0.2,0.2,0.1,0.1,,Giá nằm dưới SMA(50),,,,,,Trung tính,-9.44,-2.48,,-0.47,-2.48,68.07,471.4,Có,40.0,4.1,6.7,352.6,71.0,48.7,138.8,361.8,-15.3,-13.9,145.1,790.5,Giá nằm trên SMA(100),,-0.47,1561.8,1661.8,1936.0,1942.9,70.1,4.0,38.4,25.6,0.1,0.1,153.0,1601.0,1.0,14.5,,,,120.89,,1903.0,2413.0,35.6,-8.3,-1.1,15.6
DRI,UPCOM,Hóa chất,863.0,27.4,2.9,3.6,3.2,4.4,-0.1,1.3,,33.5,45.2,0.2,0.4,5.6,1.3,3.4,7.4,,Giá nằm dưới SMA(20),6.21,-2.67,47.98,21.71,34.11,18.55,0.1,13.29,15.84,18.51,26.0,6.0,41.0,57.0,1.18,,11.8,30.8,0.85,32.0,,Bán mạnh,1.0,,4.0,2122.0,MACD Histogram < 0 và giảm dần,0.1,0.1,0.1,0.1,,Giá nằm dưới SMA(50),,,,,,Thoát vùng quá bán,-6.57,-10.96,,0.03,-10.96,18.77,310.88,Có,35.0,9.1,9.5,155.3,81.4,74.2,122.1,167.2,-28.0,-31.8,51.1,385.3,Giá nằm dưới SMA(100),,0.03,955.3,1059.3,1297.2,1348.2,46.4,1.0,-44.7,-62.4,0.5,0.0,21.0,113.0,1.4,21.7,,,,113.46,1567.58,648.0,2122.0,-5.0,-6.8,-6.8,-0.8
DTK,HNX,"Điện, nước & xăng dầu khí đốt",8398.0,9.1,2.5,1.6,3.1,4.0,0.1,0.0,,,69.7,,,10.9,1.0,5.4,3.8,,,8.53,0.4,27.81,4.16,13.17,8.42,0.4,0.04,0.03,0.05,67.0,26.0,19.0,35.0,,,,,0.01,37.0,,,0.0,,1.0,1131.0,,,,,,,,,,,,,,,,,,,,,Có,0.7,-34.7,-19.0,772.0,2.9,16.5,21.4,10.5,,,,,,,,,,,,99.3,11.0,3.0,28.7,0.4,0.3,323.0,3832.0,0.6,4.8,,,,39.9,76.15,8673.0,1131.0,,,,
FOX,UPCOM,Viễn thông,49821.0,32.9,2.6,3.9,3.0,4.0,0.0,0.7,,53.4,13.4,9.1,0.3,16.2,5.3,11.9,8.2,Giá cắt lên SMA(5),Giá nằm dưới SMA(20),11.42,11.11,17.64,-1.61,50.43,18.51,0.9,14.21,16.57,15.37,62.0,10.0,53.0,54.0,2.35,,67.5,42.6,0.0,45.0,Chờ mua,Bán,0.0,,1.0,4151.0,MACD Histogram < 0 và tăng dần,0.2,0.2,0.2,0.2,,Giá nằm dưới SMA(50),,,,,,Trung tính,-4.93,-8.58,,0.09,-8.58,15.5,367.49,Có,4.2,-17.0,-33.6,3066.6,12.8,14.2,20.7,17.1,-16.1,-11.8,43.4,588.6,Giá nằm trên SMA(100),,0.09,159.9,210.4,192.1,165.7,96.2,59.0,4.2,15.6,0.8,0.8,884.0,4775.0,2.7,13.0,,,,19.42,113.94,9478.0,4151.0,7.5,-5.0,-0.7,5.0
GCF,UPCOM,Thực phẩm và đồ uống,1380.0,21.1,2.5,2.3,,4.2,0.2,0.9,,,34.1,,,15.8,3.2,11.6,7.0,,,21.91,,133.22,,36.56,14.55,0.5,0.17,0.23,0.22,52.0,72.0,26.0,88.0,,,,,0.31,60.0,,,39.0,0.0,0.0,2224.0,,,,,,,,,,,,,,,,,,,,,Có,50.0,-16.0,-29.1,87.5,41.1,24.4,14.7,209.2,,,,,,,,,,,,52.9,2.0,35.3,20.1,,0.2,29.0,200.0,2.1,12.6,,,,80.81,,437.0,2224.0,,,,
GSM,UPCOM,"Điện, nước & xăng dầu khí đốt",878.0,23.2,3.1,3.8,3.4,4.8,0.2,0.3,,18.6,60.6,50.1,0.9,7.6,1.6,7.6,8.3,Giá cắt lên SMA(5),Giá cắt lên SMA(20),26.0,7.9,92.1,49.28,64.04,52.31,0.3,0.8,0.92,0.84,70.0,35.0,23.0,81.0,0.27,,31.0,52.3,0.01,52.0,,Mua,0.0,1.0,,4066.0,MACD Histogram < 0 và tăng dần,0.4,0.3,0.4,0.4,,Giá nằm trên SMA(50),,,,Tín hiệu mua,,Trung tính,-0.49,-0.41,,0.89,-0.41,47.62,287.33,Có,20.0,-14.6,-16.7,116.1,186.9,115.1,912.7,1707.4,-8.8,-3.0,49.8,607.6,Giá nằm trên SMA(100),,0.89,20.9,29.2,23.3,22.1,59.7,1.0,11.6,27.9,,0.0,28.0,54.0,4.0,15.5,,,,216.23,392.48,560.0,4066.0,11.0,0.1,0.9,2.8
GVT,UPCOM,Tài nguyên Cơ bản,968.0,17.3,2.9,2.0,3.5,4.0,0.1,0.2,,,85.3,270.0,0.0,3.8,0.6,3.6,7.0,,Giá cắt lên SMA(20),9.4,8.11,134.45,9.08,8.25,2.51,2.6,0.01,0.0,0.01,100.0,92.0,54.0,65.0,0.03,,88.0,57.3,0.03,78.0,,Mua mạnh,0.0,1.0,,,MACD Histogram > 0 và tăng dần,3.0,5.0,2.6,3.3,,Giá nằm trên SMA(50),,,,Tín hiệu mua,,Trung tính,39.24,16.87,,5.52,16.87,25.7,237.79,Không,45.0,,,,,,,,-32.7,-35.1,45.8,2471.5,Giá nằm trên SMA(100),,5.52,0.1,0.1,0.1,0.1,0.0,0.0,,,,,,,,2.8,,,,,,,1408.0,17.4,4.4,11.6,15.9
HAH,HSX,Hàng & Dịch vụ Công nghiệp,9507.0,31.5,3.0,4.4,3.4,4.4,0.2,1.0,,44.3,26.2,0.0,0.4,8.8,2.4,5.3,2.7,,Giá nằm dưới SMA(20),52.8,29.2,69.0,9.14,44.44,28.37,0.5,231.68,258.53,358.18,8.0,68.0,19.0,89.0,37.54,Mua < Bán,56.4,44.6,6.22,46.0,Chờ mua,Bán,2291.0,,4.0,6362.0,MACD Histogram < 0 và giảm dần,0.2,0.2,0.1,0.2,,Giá nằm trên SMA(50),,,,,,Trung tính,-8.89,2.76,,0.18,2.76,77.54,1393.31,Có,55.0,-13.3,-15.6,1074.3,34.3,66.0,223.4,293.7,-17.4,-12.4,91.7,2387.0,Giá nằm trên SMA(100),,0.18,2895.0,3876.7,4730.8,4131.1,56.6,12.0,9.0,55.0,0.1,0.0,362.0,1275.0,2.0,15.3,,,,216.22,787.25,4026.0,6362.0,24.4,-5.3,1.8,7.0
HDB,HSX,Ngân hàng,113065.0,25.3,3.0,4.8,3.0,1.9,0.0,1.2,,31.2,82.7,0.6,0.3,7.9,1.7,,0.0,Giá cắt xuống SMA(5),Giá nằm trên SMA(20),28.84,24.48,26.73,15.08,,31.59,,962.89,975.76,837.33,71.0,93.0,88.0,80.0,156.47,Mua < Bán,31.8,66.4,17.43,83.0,Chờ bán,Mua,-2409.0,,1.0,4088.0,MACD Histogram > 0 và giảm dần,0.2,0.2,0.2,0.2,,Giá nằm trên SMA(50),,,,,,Thoát vùng quá mua,2.58,15.22,,-1.7,15.22,40.82,340.29,Có,75.0,,,14287.9,40.3,18.7,12.8,36.2,-6.3,-4.4,76.7,619.8,Giá nằm trên SMA(100),,-1.7,25341.1,28929.4,26558.2,21496.5,21.6,,26.4,-17.0,0.3,0.4,3515.0,11636.0,,2.0,2.5,5.2,,18.58,246.89,62176.0,4088.0,37.3,8.3,22.5,34.4
HDM,UPCOM,Hàng cá nhân & Gia dụng,751.0,32.3,3.1,3.5,3.0,4.0,0.0,0.8,,,74.4,1.1,0.1,5.3,1.6,4.4,9.2,Giá cắt xuống SMA(5),Giá nằm dưới SMA(20),6.03,2.29,14.56,25.71,15.16,8.92,0.8,0.88,0.67,0.45,94.0,51.0,61.0,60.0,0.02,Mua < Bán,36.1,52.1,0.09,66.0,,Mua,-1.0,,1.0,7073.0,MACD Histogram < 0 và giảm dần,0.0,0.0,0.0,0.0,,Giá nằm trên SMA(50),,,,,,Trung tính,2.22,-1.25,,-3.43,-1.25,15.67,617.11,Có,35.0,-32.6,-20.0,142.1,30.9,4.3,79.7,40.5,-7.4,-4.6,22.4,12080.6,Giá nằm trên SMA(100),,-3.43,23.6,16.3,11.6,10.3,76.2,1.0,19.6,71.9,0.1,0.1,54.0,601.0,0.4,12.3,,,,40.58,,484.0,7073.0,7.0,0.1,4.5,8.0
HGM,HNX,Tài nguyên Cơ bản,3781.0,120.1,3.0,5.0,3.5,4.2,0.7,0.6,,50.0,51.9,7.8,0.1,9.0,7.7,7.0,6.2,,Giá nằm dưới SMA(20),110.86,32.94,233.91,94.64,86.06,73.38,0.0,2.02,1.77,1.88,37.0,3.0,23.0,99.0,0.06,,304.0,43.7,0.26,40.0,,Bán,8.0,,1.0,33427.0,MACD Histogram < 0 và tăng dần,0.0,0.0,0.0,0.0,,Giá cắt lên SMA(50),,,,,,Trung tính,-5.88,-11.24,,1.3,-11.24,373.2,1018.84,Có,40.0,6.9,41.7,421.2,233.4,193.7,310.2,441.2,-24.6,-17.1,426.8,3218.4,Giá nằm trên SMA(100),,1.3,5.4,5.0,4.9,4.8,62.9,4.0,81.1,101.1,,0.0,205.0,279.0,5.7,95.0,,,,350.61,12877.5,489.0,33427.0,13.7,-4.6,0.7,0.9
HHV,HSX,Xây dựng và Vật liệu,7511.0,5.3,2.5,3.7,3.3,1.6,0.0,1.0,,42.3,66.6,0.2,0.4,15.1,0.7,15.6,0.0,,Giá nằm trên SMA(20),23.19,47.3,32.38,2.65,40.88,13.79,1.6,411.65,378.07,305.67,35.0,85.0,76.0,70.0,77.49,Mua < Bán,14.75,58.6,10.9,66.0,Chờ bán,Mua,4702.0,1.0,,1001.0,MACD Histogram > 0 và giảm dần,0.3,0.2,0.2,0.3,,Giá nằm trên SMA(50),,,,,,Trung tính,0.0,13.9,,-2.32,13.9,29.06,20.66,Có,80.0,-241.1,-45.5,497.8,16.4,6.5,19.4,52.3,-12.2,-30.8,59.3,551.9,Giá nằm trên SMA(100),,-2.32,20408.1,22771.8,21452.8,15602.2,26.4,27.0,28.8,-10.7,0.5,0.4,131.0,947.0,2.2,1.3,,,,39.13,,10311.0,1001.0,25.0,4.0,13.3,20.7
HPW,UPCOM,"Điện, nước & xăng dầu khí đốt",1499.0,12.4,2.8,2.3,3.5,4.4,0.2,0.0,,,30.9,,,12.2,1.5,5.7,5.5,,,13.85,6.01,8.63,4.2,38.51,10.64,0.8,0.06,0.03,0.07,97.0,65.0,28.0,44.0,,,,,0.14,58.0,,,0.0,1.0,,1660.0,,,,,,,,,,,,,,,,,,,,,Có,15.0,-55.1,-38.7,123.2,3.4,19.8,89.9,6.9,,,,,,,,,,,,80.6,2.0,6.6,112.2,,0.5,37.0,346.0,1.1,5.8,,,,22.98,41.8,1004.0,1660.0,,,,
HTG,HSX,Hàng cá nhân & Gia dụng,1710.0,37.9,3.0,2.9,3.0,3.8,0.0,0.8,,72.0,64.1,7.0,0.1,4.9,1.7,4.8,8.3,,Giá nằm dưới SMA(20),8.57,3.71,63.34,8.85,16.51,9.85,1.2,2.59,2.26,2.26,81.0,53.0,71.0,59.0,0.12,,47.5,53.2,0.02,66.0,Chờ mua,Trung tính,0.0,1.0,,9749.0,MACD Histogram < 0 và tăng dần,0.1,0.1,0.1,0.1,,Giá nằm trên SMA(50),,,,,,Trung tính,0.53,-2.56,,0.0,-2.56,16.97,529.41,Có,30.0,-43.4,-23.6,351.0,19.7,8.3,84.3,24.5,-9.5,-8.7,34.4,741.0,Giá nằm trên SMA(100),,0.0,39.0,42.1,38.9,41.4,63.0,2.0,2.5,129.5,0.2,0.1,129.0,1309.0,0.3,11.7,,,,57.87,274.6,1027.0,9749.0,5.4,-0.5,4.3,10.7
HTI,HSX,Xây dựng và Vật liệu,559.0,25.0,2.9,2.8,3.5,4.2,0.1,0.5,,32.5,46.0,1.1,0.2,4.4,1.0,7.5,12.0,,Giá nằm dưới SMA(20),11.24,5.25,11.27,-1.81,47.6,28.49,1.0,2.52,4.26,5.31,79.0,86.0,78.0,48.0,0.09,Mua < Bán,22.4,51.7,6.71,73.0,,Trung tính,-212.0,,1.0,5146.0,MACD Histogram < 0 và giảm dần,0.0,0.0,0.0,0.0,,Giá nằm trên SMA(50),,,,,,Trung tính,-2.18,-3.45,,0.0,-3.45,56.03,217.42,Có,40.0,-97.9,-34.9,128.4,12.1,2.3,122.6,299.6,-8.9,-8.0,56.0,1662.7,Giá nằm trên SMA(100),,0.0,91.7,161.3,179.4,184.0,72.1,1.0,15.7,-36.9,,0.0,37.0,130.0,1.1,8.5,,,,113.54,98.75,553.0,5146.0,29.8,-2.0,8.2,17.4
HVT,HNX,Hóa chất,879.0,23.2,2.7,2.8,3.0,4.0,-0.1,0.8,,100.0,32.4,18.6,0.9,9.0,2.0,7.7,3.5,,Giá nằm dưới SMA(20),15.27,8.27,25.25,-5.12,19.9,6.39,0.4,0.88,1.33,2.63,66.0,5.0,58.0,38.0,0.16,,32.0,33.7,1.09,42.0,,Bán mạnh,-14.0,,1.0,3575.0,MACD Histogram < 0 và tăng dần,0.2,0.1,0.1,0.1,,Giá nằm dưới SMA(50),,,,,,Trung tính,-3.32,-11.11,,0.0,-11.11,1.59,242.03,Có,30.0,-19.0,-20.5,98.2,5.5,14.8,46.2,55.1,-32.9,-29.2,16.7,4148.9,Giá nằm dưới SMA(100),,0.0,20.2,35.1,51.0,77.6,68.5,1.0,-2.7,50.7,0.1,0.1,24.0,382.0,0.6,12.1,,,,125.82,184.07,447.0,3575.0,-12.1,-4.0,-6.6,-2.2
ICN,UPCOM,Xây dựng và Vật liệu,1260.0,70.8,3.3,4.3,3.5,5.0,0.1,0.7,,86.4,30.6,22.4,0.9,4.2,2.4,3.0,7.3,,Giá nằm dưới SMA(20),177.1,31.24,267.33,19.11,56.17,45.42,0.0,1.26,1.49,2.41,53.0,16.0,33.0,84.0,0.64,,41.2,39.1,0.01,46.0,,Bán mạnh,0.0,,2.0,9877.0,MACD Histogram < 0 và giảm dần,0.6,0.5,0.4,0.3,,Giá nằm dưới SMA(50),,,,,,Trung tính,-3.36,-4.52,,0.03,-4.52,55.32,242.99,Có,15.0,6.7,6.6,302.2,,,,,-22.4,-21.8,80.0,3859.1,Giá nằm dưới SMA(100),,0.03,26.4,30.5,38.1,46.9,78.7,1.0,3.2,44.9,,0.0,85.0,187.0,1.7,24.0,,,"{'vi': 'Giá cắt lên SMA(200)', 'en': 'Price cross above SMA(200)'}",,,531.0,9877.0,-0.9,-2.4,-1.9,-0.5
IST,UPCOM,Hàng & Dịch vụ Công nghiệp,563.0,31.1,3.0,3.0,3.5,4.0,0.0,1.0,,,25.4,,,7.5,2.3,5.2,5.7,,,9.16,9.93,19.29,6.26,30.86,19.83,0.1,0.03,0.04,0.03,53.0,87.0,46.0,,,,,,0.18,62.0,,,1.0,0.0,0.0,4991.0,,,,,,,,,,,,,,,,,,,,,Có,30.0,16.3,16.6,74.9,16.2,17.6,41.1,9.5,,,,,,,,,,,,75.0,0.0,16.3,60.6,,0.6,27.0,137.0,1.1,14.2,,,,13.27,86.14,241.0,4991.0,,,,
KLB,UPCOM,Ngân hàng,8585.0,17.7,3.1,3.7,3.0,3.2,0.2,0.9,,43.3,41.6,0.3,0.7,7.3,1.2,,0.0,Giá cắt xuống SMA(5),Giá nằm trên SMA(20),42.2,26.89,54.62,67.32,,37.91,,19.11,16.31,16.07,88.0,84.0,97.0,93.0,5.06,Mua > Bán,23.4,60.5,1.37,90.0,,Mua,24.0,,1.0,3275.0,MACD Histogram < 0 và giảm dần,0.3,0.3,0.3,0.3,,Giá nằm trên SMA(50),,,,,,Trung tính,-0.55,12.14,,-1.47,12.14,92.47,169.01,Có,95.0,,,1183.7,9.7,47.2,67.7,66.8,-8.9,-41.7,146.3,246.6,Giá nằm trên SMA(100),,-1.47,730.9,657.5,654.4,718.9,10.9,,5.1,58.6,0.1,0.1,451.0,1191.0,,1.3,2.0,3.9,,70.91,3713.91,7246.0,3275.0,61.6,1.7,14.7,37.6
MNB,UPCOM,Hàng cá nhân & Gia dụng,550.0,25.7,2.5,2.2,3.4,2.6,0.0,0.6,,88.9,6.6,0.2,0.0,4.9,1.2,5.9,8.3,,Giá nằm dưới SMA(20),23.71,-0.85,186.67,11.12,16.8,1.87,3.0,4.27,2.29,1.03,1.0,82.0,15.0,15.0,0.03,,28.0,48.3,0.24,28.0,,Trung tính,-4.0,,2.0,5575.0,MACD Histogram < 0 và tăng dần,0.0,0.0,0.0,0.1,,Giá nằm trên SMA(50),,,,,,Trung tính,-13.85,2.47,,1.82,2.47,10.07,27.16,Có,35.0,-247.3,-44.7,111.5,24.3,15.1,85.5,171.6,-19.2,-16.2,21.3,97.8,Giá nằm trên SMA(100),,1.82,159.0,83.9,43.0,17.7,49.6,2.0,31.9,5.5,,0.0,25.0,1329.0,0.1,3.8,,,"{'vi': 'Giá cắt lên SMA(200)', 'en': 'Price cross above SMA(200)'}",257.85,306.0,473.0,5575.0,0.2,-3.5,1.9,0.5
MSH,HSX,Hàng cá nhân & Gia dụng,4040.0,29.0,2.7,2.2,3.4,4.4,0.0,0.8,,80.4,77.0,0.1,0.3,7.4,2.0,7.1,10.1,,Giá nằm dưới SMA(20),16.26,3.66,68.69,-16.43,21.03,12.27,0.6,19.65,25.89,27.65,57.0,21.0,47.0,55.0,3.34,Mua < Bán,35.9,40.9,5.12,45.0,Chờ mua,Bán,-625.0,1.0,,4865.0,MACD Histogram < 0 và tăng dần,0.2,0.2,0.1,0.2,,Giá nằm dưới SMA(50),,,,,,Trung tính,-4.14,-6.63,,0.0,-6.63,15.87,268.1,Có,35.0,-21.1,-17.8,547.5,10.0,34.5,108.3,61.4,-14.3,-12.7,42.6,370.8,Giá nằm trên SMA(100),,0.0,419.6,588.3,691.1,550.7,12.3,5.0,41.6,113.1,0.7,0.1,180.0,1467.0,0.7,12.2,,,,101.87,54.47,1993.0,4865.0,1.7,-4.4,-4.2,2.1
MVC,UPCOM,Xây dựng và Vật liệu,1418.0,9.4,2.8,2.2,3.2,4.6,0.2,1.1,,52.2,61.0,0.2,0.9,12.1,1.1,18.3,4.9,,Giá nằm dưới SMA(20),7.74,-5.9,20.53,-3.57,28.95,25.54,0.2,1.9,2.19,2.99,33.0,89.0,94.0,89.0,0.36,,14.1,51.8,0.0,76.0,,Bán,0.0,,1.0,1174.0,MACD Histogram < 0 và giảm dần,0.2,0.2,0.1,0.2,,Giá nằm trên SMA(50),,,,,,Trung tính,-6.6,14.03,,-0.57,14.03,67.71,80.68,Có,35.0,-14.1,-12.5,117.4,23.2,21.5,68.5,122.2,-17.1,-11.3,113.9,282.8,Giá nằm trên SMA(100),,-0.57,105.7,138.7,189.9,124.2,65.3,2.0,19.9,109.2,,0.3,46.0,182.0,2.1,7.5,,,,47.61,23.36,1283.0,1174.0,41.8,-4.1,14.8,31.5
MZG,UPCOM,Tài nguyên Cơ bản,1458.0,7.6,2.1,1.4,,2.0,0.0,0.8,,58.8,51.8,0.0,0.7,15.3,1.1,11.0,0.0,,Giá nằm trên SMA(20),38.71,,16.2,,8.44,2.31,2.1,17.63,19.77,12.36,40.0,97.0,98.0,,5.04,,14.0,72.8,0.71,78.0,,Mua,2.0,,2.0,900.0,MACD Histogram > 0 và giảm dần,0.4,0.3,0.3,0.7,,Giá nằm trên SMA(50),,,,,,Trung tính,4.79,50.38,,1.67,50.38,,,Có,100.0,-183.1,-57.1,95.3,,,,,-6.0,-2.4,133.3,130.8,Giá nằm trên SMA(100),,1.67,1024.2,1319.9,1097.7,540.6,,4.0,11.1,46.0,,0.0,28.0,1218.0,0.3,2.2,,,,,,1309.0,900.0,,13.8,40.5,63.8
NAB,HSX,Ngân hàng,29167.0,20.2,3.4,4.4,3.4,2.2,0.1,0.7,,59.7,38.9,0.2,0.5,7.6,1.4,,0.0,,Giá nằm trên SMA(20),18.42,29.7,37.59,8.08,,38.15,,71.12,57.26,43.0,98.0,85.0,72.0,65.0,20.09,Mua < Bán,16.9,72.7,1.79,80.0,,Mua mạnh,-4233.0,3.0,,2243.0,MACD Histogram > 0 và tăng dần,0.3,0.3,0.4,0.5,,Giá nằm trên SMA(50),,,,,,Trung tính,5.96,12.67,,-0.59,12.67,26.5,,Có,80.0,,,3848.0,17.1,15.7,6.5,22.3,-0.6,-0.6,40.8,360.4,Giá nằm trên SMA(100),Tăng nóng vào phiên hôm trước,-0.59,4052.8,3390.0,2712.6,2262.2,30.0,,18.9,6.0,0.5,0.4,1035.0,2712.0,,1.4,2.8,3.1,,21.19,609.89,21240.0,2243.0,23.9,8.0,14.9,20.4
NCG,UPCOM,Thực phẩm và đồ uống,1292.0,10.3,2.4,1.4,,3.8,0.0,1.0,,52.6,54.6,1.8,0.2,6.2,0.6,5.8,0.0,,Giá nằm dưới SMA(20),2.58,,,,18.99,7.01,0.5,0.52,0.69,0.89,16.0,73.0,51.0,32.0,0.02,,10.7,47.0,0.02,43.0,,Bán,15.0,,3.0,1745.0,MACD Histogram < 0 và giảm dần,0.1,0.0,0.0,0.0,,Giá nằm trên SMA(50),,,,,,Trung tính,-8.29,11.96,,-0.8,11.96,1.75,,Có,25.0,-68.4,-23.6,209.0,11.6,13.5,62.4,,-24.6,-53.5,84.5,81.4,Giá nằm trên SMA(100),,-0.8,26.6,54.6,82.3,53.5,80.5,2.0,4.7,18.3,,0.0,81.0,1153.0,0.3,5.5,,,,,,2118.0,1745.0,22.1,-5.4,3.7,13.7
NCS,UPCOM,Thực phẩm và đồ uống,667.0,33.7,2.8,2.5,3.5,3.8,0.1,0.4,,16.7,52.5,13.3,0.5,10.7,3.1,6.6,0.0,,Giá nằm dưới SMA(20),19.28,2.49,18.59,9.77,16.75,8.66,0.5,0.38,0.33,0.33,91.0,80.0,85.0,44.0,0.02,Mua > Bán,37.2,59.1,4.01,75.0,,Trung tính,162.0,,2.0,3473.0,MACD Histogram < 0 và giảm dần,0.1,0.1,0.1,0.1,,Giá nằm trên SMA(50),,,,,,Trung tính,-1.54,4.08,,0.16,4.08,30.53,132.11,Có,30.0,-13.4,-19.4,62.3,24.2,16.5,44.3,14.6,-2.4,-15.5,62.5,506.6,Giá nằm trên SMA(100),,0.16,10.1,7.7,9.0,12.0,71.9,1.0,-2.9,0.5,,0.8,17.0,202.0,0.8,13.5,,,,13.43,,214.0,3473.0,31.6,-0.3,10.2,22.4
NFC,HNX,Hóa chất,831.0,37.4,2.6,3.6,,4.2,0.7,0.2,,100.0,59.7,416.6,7.2,9.7,3.3,6.3,12.4,,Giá nằm dưới SMA(20),25.85,13.85,58.96,36.92,24.44,7.63,0.0,0.34,1.69,0.87,39.0,4.0,11.0,98.0,0.53,,53.1,44.4,0.06,38.0,,Bán,0.0,1.0,,5427.0,MACD Histogram < 0 và tăng dần,2.3,0.3,0.6,1.0,,Giá nằm dưới SMA(50),,,,,,Trung tính,-4.67,-15.71,,0.57,-15.71,210.3,1228.17,Có,30.0,17.4,34.5,85.4,25.4,61.8,76.2,273.5,-22.8,-22.8,283.1,1899.4,Giá nằm trên SMA(100),,0.57,4.4,29.6,16.2,10.3,63.1,1.0,-18.0,-27.0,,0.1,28.0,371.0,0.7,24.2,,,,139.71,1062.51,253.0,5427.0,54.5,-6.5,-6.6,7.6
NTP,HNX,Xây dựng và Vật liệu,10314.0,26.1,2.6,3.0,3.0,4.4,0.0,0.9,,69.6,34.2,0.4,0.3,11.2,2.7,9.7,4.9,Giá cắt lên SMA(5),Giá nằm dưới SMA(20),9.29,3.89,31.51,4.37,32.04,16.1,0.5,28.92,28.85,31.07,41.0,4.0,27.0,46.0,3.71,Mua < Bán,61.0,36.0,18.12,30.0,Chờ mua,Bán,-1073.0,1.0,,5384.0,MACD Histogram < 0 và tăng dần,0.1,0.1,0.1,0.1,,Giá nằm dưới SMA(50),,,,,,Trung tính,-3.48,-12.86,,1.16,-12.86,9.44,281.53,Có,55.0,-14.7,-22.7,920.9,18.5,33.8,34.5,94.4,-15.0,-12.9,52.7,3972.4,Giá nằm dưới SMA(100),,1.16,443.6,409.8,415.8,418.6,73.5,12.0,56.9,51.2,0.2,0.3,321.0,1991.0,1.6,15.0,,,,39.51,133.53,3771.0,5384.0,8.2,-4.7,-6.7,-1.1
OCH,HNX,Thực phẩm và đồ uống,1240.0,11.8,2.3,2.7,3.5,2.4,0.0,0.9,,35.5,62.6,3.8,0.1,7.3,0.8,13.6,0.0,,Giá nằm dưới SMA(20),0.93,-3.51,36.65,35.92,36.47,,0.8,1.33,0.86,0.61,15.0,26.0,45.0,47.0,0.07,,6.2,45.5,0.09,33.0,,Bán,8.0,,3.0,845.0,MACD Histogram < 0 và giảm dần,0.1,0.1,0.1,0.1,,Giá nằm dưới SMA(50),,,,,,Trung tính,-1.59,-6.06,,0.0,-6.06,5.08,-12.68,Có,45.0,-105.3,-34.7,169.0,17.8,8.9,,,-31.1,-82.0,31.9,72.2,Giá nằm trên SMA(100),,0.0,183.4,124.4,93.0,72.4,72.5,3.0,38.8,,,0.1,-14.0,178.0,1.2,4.3,,,,78.1,-51.94,1481.0,845.0,0.4,-2.8,-1.2,2.9
PDN,HSX,Hàng & Dịch vụ Công nghiệp,5162.0,34.4,3.0,4.6,3.3,5.0,0.1,0.6,,100.0,27.3,33.3,0.7,12.9,4.1,10.7,6.7,,Giá nằm dưới SMA(20),14.57,12.52,17.88,-3.26,37.53,32.01,0.1,0.14,0.37,0.35,63.0,17.0,48.0,63.0,0.02,,93.0,35.7,0.36,48.0,,Bán,0.0,,2.0,7226.0,MACD Histogram < 0 và tăng dần,0.2,0.1,0.1,0.0,,Giá nằm dưới SMA(50),,,,,,Trung tính,-1.06,-5.58,,0.11,-5.58,25.55,333.79,Có,20.5,4.2,12.2,401.5,21.8,13.1,47.0,16.6,-11.8,-11.6,43.0,,Giá nằm trên SMA(100),,0.11,1.2,2.4,3.6,4.0,90.1,5.0,10.6,26.5,0.1,0.6,125.0,392.0,3.6,24.2,,,,21.21,187.11,1273.0,7226.0,13.4,-2.8,-3.5,2.1
PPH,UPCOM,Hàng cá nhân & Gia dụng,2074.0,22.4,2.7,2.8,3.0,3.4,-0.1,0.7,,,35.1,,,5.1,1.1,39.0,8.7,,,27.63,-7.72,20.04,12.21,19.42,16.43,0.6,0.54,0.74,0.8,83.0,45.0,47.0,36.0,,,,,0.02,53.0,Chờ mua,,0.0,1.0,,5476.0,,,,,,,,,,,,,,,,,,,,,Có,35.0,-48.8,-27.0,408.9,10.9,21.1,27.6,13.5,,,,,,,,,,,,67.3,3.0,2.9,-10.5,0.7,0.1,100.0,611.0,0.9,11.5,,,,36.53,69.37,1914.0,5476.0,,,,
PTB,HSX,Tài nguyên Cơ bản,3407.0,14.2,2.4,1.9,3.0,4.0,-0.1,0.5,,28.9,75.7,0.6,1.6,8.3,1.2,5.7,3.9,,Giá nằm dưới SMA(20),15.09,3.11,43.03,-9.27,20.53,6.73,0.5,11.25,11.74,9.39,34.0,11.0,28.0,8.0,7.68,Mua < Bán,49.35,26.9,13.46,20.0,Chờ mua,Bán mạnh,-212.0,,1.0,6130.0,MACD Histogram < 0 và giảm dần,0.9,0.9,0.8,1.1,,Giá nằm dưới SMA(50),,,,,,Vào vùng quá bán,-8.95,-10.11,,-3.05,-10.11,-22.29,78.36,Có,50.0,-21.2,-12.7,410.3,18.4,12.8,16.1,26.7,-25.1,-37.8,13.6,4691.0,Giá nằm dưới SMA(100),,-3.05,167.7,180.0,181.1,140.7,4.9,4.0,17.6,13.5,0.4,0.3,128.0,1905.0,0.5,7.6,,,,25.11,5.79,2960.0,6130.0,-11.8,-8.2,-8.4,-5.3
PVS,HNX,Dầu khí,16346.0,9.3,2.5,1.5,3.6,4.8,-0.2,1.2,,44.8,37.7,0.2,0.4,12.9,1.2,20.7,0.0,,Giá nằm dưới SMA(20),22.69,7.2,4.22,0.71,6.0,4.87,0.1,315.48,348.79,362.42,20.0,55.0,76.0,15.0,46.46,Mua < Bán,34.2,44.3,11.26,42.0,Chờ bán,Bán,-4260.0,,4.0,2644.0,MACD Histogram < 0 và giảm dần,0.2,0.2,0.1,0.2,,Giá nằm dưới SMA(50),,,,,,Trung tính,-7.32,-1.16,,0.0,-1.16,-13.74,227.92,Có,50.0,67.4,30.8,1263.7,32.1,62.1,83.4,10.3,-18.4,-23.9,59.8,788.6,Giá nằm trên SMA(100),,0.0,6910.4,8711.5,9860.2,8525.6,78.6,6.0,22.4,8.2,0.9,0.4,359.0,7359.0,0.6,4.0,,,,36.83,53.46,14002.0,2644.0,5.4,-3.9,-0.3,10.1
SHB,HSX,Ngân hàng,79242.0,18.3,2.8,4.0,2.9,1.9,0.3,1.0,,35.1,50.8,0.2,0.6,7.2,1.3,,6.3,,Giá cắt xuống SMA(20),10.52,20.21,27.27,17.48,,35.0,,2386.81,2244.72,2098.18,24.0,94.0,91.0,94.0,528.48,Mua < Bán,16.8,55.8,5.07,76.0,Bán,Trung tính,22105.0,,1.0,2379.0,MACD Histogram < 0 và giảm dần,0.3,0.3,0.3,0.4,,Giá nằm trên SMA(50),,,,Tín hiệu bán,,Trung tính,-8.95,26.13,,-2.61,26.13,105.35,207.59,Có,70.0,,,10930.3,135.1,3.6,57.8,8.9,-13.6,-10.9,117.6,1451.2,Giá nằm trên SMA(100),,-2.61,109707.2,107322.1,116566.4,88677.1,15.5,,70.3,3.2,0.1,0.2,3607.0,10304.0,,1.5,2.6,3.8,,34.41,330.71,63114.0,2379.0,60.6,0.0,19.6,33.7
SII,UPCOM,"Điện, nước & xăng dầu khí đốt",1258.0,49.0,2.9,3.0,3.5,4.0,0.1,0.2,,,,,,2.4,0.9,31.1,0.0,,,9.43,8.06,,60.29,7.09,39.62,0.5,0.03,0.03,0.01,95.0,97.0,10.0,66.0,,,,,48.91,67.0,,,0.0,0.0,0.0,8237.0,,,,,,,,,,,,,,,,,,,,,Có,2.1,-53.4,-24.0,531.5,6.8,9.5,,,,,,,,,,,,,,99.5,2.0,7.0,,,0.0,30.0,75.0,4.5,21.3,,,,,,1346.0,8237.0,,,,
SLD,UPCOM,Bất động sản,907.0,4.4,2.2,1.3,,4.0,-2.3,0.0,,100.0,5.9,1.2,1.9,,,,0.0,Giá cắt lên SMA(5),,,,,,,19.48,0.1,0.3,0.25,0.25,35.0,,,,0.12,,13.2,,0.0,35.0,,Mua,0.0,,2.0,,,3.1,,,,,,,,,,,,0.76,,,14.39,,,,Có,14.3,,10.0,21.4,,,,,-12.0,-4.4,16.8,14.4,,,14.39,3.2,,,,85.7,,,,,,5.0,0.0,,2.4,,,,,,740.0,272.0,,,,
TBD,UPCOM,Hàng & Dịch vụ Công nghiệp,3602.0,30.1,2.4,2.1,3.2,3.4,0.2,0.5,,,,,,18.7,5.2,14.4,0.0,,,23.68,-1.09,186.58,4.08,17.73,9.68,1.2,0.0,0.0,0.01,80.0,57.0,55.0,80.0,,,,,4.54,68.0,,,0.0,0.0,0.0,5926.0,,,,,,,,,,,,,,,,,,,,,Có,10.0,-22.4,-38.7,192.1,78.3,39.0,171.6,27.2,,,,,,,,,,,,97.5,4.0,93.0,352.9,,0.1,69.0,716.0,1.4,10.5,,,,143.46,51.21,691.0,5926.0,,,,
TCL,HSX,Hàng & Dịch vụ Công nghiệp,1057.0,25.4,3.0,3.0,3.3,4.8,-0.1,0.7,,66.0,40.2,4.0,1.2,7.0,1.7,5.9,7.2,,Giá nằm dưới SMA(20),6.65,11.38,8.87,7.89,14.96,9.85,0.0,1.72,2.43,2.41,56.0,54.0,39.0,44.0,0.85,Mua < Bán,35.05,49.8,6.11,48.0,,Trung tính,32.0,,1.0,5003.0,MACD Histogram < 0 và giảm dần,0.6,0.4,0.4,0.4,,Giá nằm trên SMA(50),,,,,,Trung tính,-1.41,1.3,,0.0,1.3,5.43,118.91,Có,50.0,5.2,5.0,150.9,13.4,11.2,1.7,32.3,-16.6,-16.5,11.5,1133.7,Giá nằm trên SMA(100),,0.0,42.6,60.6,64.5,69.4,69.3,1.0,45.6,90.2,0.4,0.5,50.0,508.0,0.6,14.2,,,"{'vi': 'Giá cắt xuống SMA(200)', 'en': 'Price cross below SMA(200)'}",12.89,68.53,623.0,5003.0,1.2,-0.2,1.5,2.9
TFC,HNX,Thực phẩm và đồ uống,1136.0,52.6,2.9,4.2,,4.2,0.4,0.8,,,5.8,,,5.9,2.5,6.5,0.0,,,15.57,10.91,208.77,47.78,27.75,13.46,0.7,0.17,0.29,0.32,90.0,5.0,3.0,97.0,,,,,33.77,49.0,,,-1.0,1.0,,11421.0,,,,,,,,,,,,,,,,,,,,,Có,25.0,-15.8,-18.4,192.2,19.5,127.1,13.4,1072.6,,,,,,,,,,,,,1.0,8.0,-21.0,,0.1,31.0,230.0,1.1,22.8,,,,118.03,531.36,454.0,11421.0,,,,
THG,HSX,Xây dựng và Vật liệu,1609.0,26.1,2.7,2.5,3.2,4.0,0.1,0.9,,100.0,22.1,0.4,0.1,9.0,2.2,6.5,7.5,,Giá nằm dưới SMA(20),11.82,7.59,21.56,-7.36,20.96,6.52,0.7,3.0,3.14,4.8,54.0,6.0,62.0,85.0,0.05,Mua > Bán,52.0,36.3,1.47,52.0,,Bán,-16.0,0.0,0.0,5720.0,MACD Histogram < 0 và tăng dần,0.0,0.0,0.0,0.0,,Giá nằm dưới SMA(50),,,,,,Trung tính,-1.89,-9.88,,0.58,-9.88,58.84,184.1,Có,65.0,-16.4,-12.3,178.1,66.1,58.3,127.2,76.6,-12.8,-11.1,59.4,9298.3,Giá nằm trên SMA(100),,0.58,54.8,53.5,80.5,70.9,10.4,2.0,21.5,31.3,0.2,0.1,41.0,625.0,0.7,8.9,,,,88.32,17.11,728.0,5720.0,12.9,-2.9,-5.9,2.4
TNG,HNX,Hàng cá nhân & Gia dụng,2391.0,19.1,2.3,2.5,3.0,2.4,-0.2,1.3,,45.3,44.8,0.1,0.5,6.9,1.3,9.1,8.4,,Giá nằm dưới SMA(20),7.9,10.67,44.66,0.68,14.64,4.75,2.0,40.21,54.47,50.71,20.0,14.0,60.0,4.0,6.52,Mua < Bán,19.8,40.5,16.66,24.0,Chờ bán,Bán,-401.0,,4.0,2841.0,MACD Histogram < 0 và tăng dần,0.2,0.2,0.1,0.1,,Giá nằm dưới SMA(50),,,,,,Trung tính,-6.16,-8.33,,1.54,-8.33,-24.45,198.81,Có,65.0,-151.3,-53.2,348.3,16.3,11.6,36.4,3.4,-26.3,-27.7,56.7,2957.9,Giá nằm trên SMA(100),,1.54,1741.7,1994.1,2294.9,2234.6,25.2,6.0,67.3,177.1,0.6,0.2,120.0,2528.0,0.3,5.5,,,,36.1,72.55,1837.0,2841.0,-5.2,-5.3,-4.6,4.3
TRC,HSX,Hóa chất,1966.0,16.2,3.2,4.3,3.1,5.0,0.2,1.0,,51.9,51.2,0.8,0.1,6.6,1.0,5.0,4.8,,Giá nằm trên SMA(20),32.25,17.39,227.39,21.56,31.28,26.4,0.0,22.12,17.12,16.87,46.0,35.0,42.0,91.0,0.95,Mua > Bán,68.6,53.3,3.05,54.0,Chờ mua,Mua,110.0,,2.0,10244.0,MACD Histogram > 0 và giảm dần,0.0,0.1,0.1,0.1,Giá cắt lên SMA(10),Giá nằm trên SMA(50),,,,,,Trung tính,3.47,-4.92,,1.63,-4.92,89.23,164.82,Có,35.0,14.7,12.8,298.4,46.0,55.4,172.2,357.7,-19.5,-18.5,91.5,912.7,Giá nằm trên SMA(100),,1.63,283.6,221.1,209.8,230.0,70.9,2.0,-41.6,-50.5,0.5,0.0,35.0,132.0,2.3,13.9,,,,229.9,244.99,1986.0,10244.0,8.7,2.3,3.3,5.5
TSA,UPCOM,Xây dựng và Vật liệu,501.0,7.0,,1.4,,4.8,0.0,0.1,,,90.4,,,17.8,1.2,8.2,4.8,,,76.77,,134.99,,9.73,4.01,0.2,0.01,0.02,0.29,,,,,,,,,0.0,,,,0.0,0.0,0.0,695.0,,,,,,,,,,,,,,,,,,,,,Có,100.0,3.3,2.5,28.1,,,,,,,,,,,,,,,,,0.0,181.1,171.9,,0.2,9.0,213.0,0.7,4.4,,,,,,424.0,695.0,,,,
TTD,UPCOM,Y tế,1176.0,30.9,2.7,3.0,3.6,4.2,0.2,-0.2,,,98.6,,,12.3,3.6,9.3,4.9,,,5.0,3.33,1.45,1.83,23.06,13.04,0.0,0.0,0.0,0.0,80.0,60.0,35.0,49.0,,,,,0.41,56.0,,,0.0,0.0,0.0,6154.0,,,,,,,,,,,,,,,,,,,,,Có,75.0,8.6,23.6,95.7,16.4,1.3,43.5,19.7,,,,,,,,,,,,7.8,1.0,22.5,73.3,,0.4,29.0,220.0,1.4,24.2,,,,28.92,48.51,327.0,6154.0,,,,
TV1,UPCOM,Hàng & Dịch vụ Công nghiệp,642.0,32.0,3.1,3.6,3.2,3.8,0.0,0.7,,47.1,61.5,2.1,0.9,5.2,1.5,3.8,0.0,,Giá nằm dưới SMA(20),5.82,0.13,27.26,181.27,36.29,24.8,0.5,1.54,1.78,2.28,64.0,76.0,76.0,70.0,0.37,,24.0,37.1,1.0,72.0,,Bán mạnh,49.0,,1.0,4636.0,MACD Histogram < 0 và giảm dần,0.3,0.2,0.2,0.2,,Giá nằm dưới SMA(50),,,,,,Trung tính,-4.72,-1.17,,-0.17,-1.17,7.05,152.81,Có,35.0,-30.7,-20.2,123.8,19.4,44.2,96.1,111.3,-19.2,-16.3,25.6,862.9,Giá nằm dưới SMA(100),,-0.17,54.1,64.2,79.9,64.4,54.3,1.0,14.5,4.6,,0.1,32.0,129.0,1.0,12.3,,,,66.0,,426.0,4636.0,-0.4,-4.5,-4.3,-1.9
TYA,HSX,Hàng & Dịch vụ Công nghiệp,522.0,18.3,2.6,1.8,3.5,3.0,0.1,0.8,,,49.1,68.6,,5.2,0.9,8.6,6.4,,Giá nằm dưới SMA(20),26.78,-0.23,7969.58,-2.7,11.08,5.76,1.7,0.3,0.38,0.63,69.0,80.0,70.0,53.0,0.09,,17.0,56.0,37.27,68.0,,Trung tính,-27.0,,1.0,3241.0,MACD Histogram < 0 và giảm dần,0.3,0.3,0.2,0.2,,Giá nằm trên SMA(50),,,,,,Trung tính,-0.87,-0.29,,0.0,-0.29,39.41,68.69,Có,12.0,-144.5,-45.5,99.4,27.2,34.2,83.2,38.7,-6.6,-25.8,48.0,1673.3,Giá nằm trên SMA(100),,0.0,14.4,17.4,26.2,25.7,83.5,1.0,24.5,70.5,,0.0,35.0,614.0,0.2,7.2,,,,154.51,39.87,579.0,3241.0,17.2,-0.8,7.7,14.8
VAB,HSX,Ngân hàng,10899.0,11.1,2.9,3.4,3.0,3.4,0.3,1.1,,29.1,53.9,0.1,0.5,11.0,1.2,,0.0,,Giá nằm trên SMA(20),5.93,16.45,16.52,17.91,,45.81,,38.16,64.36,55.68,51.0,82.0,94.0,94.0,8.36,Mua < Bán,13.2,62.5,0.21,80.0,,Trung tính,12.0,,1.0,1211.0,MACD Histogram < 0 và giảm dần,0.3,0.2,0.2,0.3,,Giá nằm trên SMA(50),,,Tín hiệu bán,,,Trung tính,-7.04,33.5,,-1.12,33.5,116.81,,Có,90.0,,,988.3,3.9,3.5,12.6,44.5,-11.4,-7.0,34.4,256.4,Giá nằm trên SMA(100),,-1.12,2324.5,3438.4,3217.7,2229.1,14.9,,-8.7,-4.9,0.0,0.4,279.0,608.0,,0.8,1.1,2.2,,26.66,232.15,9421.0,1211.0,71.3,5.8,22.4,43.8
VGT,UPCOM,Hàng cá nhân & Gia dụng,6141.0,9.0,2.4,1.7,3.4,3.4,-0.2,1.5,,49.9,30.9,0.1,0.3,10.2,0.9,9.7,0.0,,Giá nằm dưới SMA(20),5.22,-1.81,95.97,-8.99,14.77,3.35,0.7,25.51,30.71,33.57,31.0,29.0,64.0,5.0,3.07,Mua < Bán,12.3,44.0,14.05,32.0,Chờ bán,Bán,14.0,,7.0,1206.0,MACD Histogram < 0 và giảm dần,0.1,0.1,0.1,0.1,,Giá nằm dưới SMA(50),,,,,,Trung tính,-4.58,-1.58,,0.15,-1.58,-18.94,72.47,Có,35.0,-93.5,-28.8,603.0,11.3,7.9,2389.7,372.1,-20.6,-54.9,70.8,139.4,Giá nằm trên SMA(100),,0.15,1749.3,2029.2,2596.8,2194.0,70.7,15.0,4.3,-13.5,0.3,0.0,149.0,4450.0,0.3,3.1,,,,539.53,40.03,6946.0,1206.0,-2.9,-3.8,-1.4,7.2
VPB,HSX,Ngân hàng,285225.0,12.4,2.7,3.7,3.5,1.4,0.2,1.2,,38.5,60.3,0.5,0.8,16.4,1.9,,2.7,Giá cắt xuống SMA(5),Giá nằm trên SMA(20),25.16,11.36,58.2,1.37,,29.86,,1909.22,1702.95,1563.61,95.0,98.0,99.0,93.0,725.96,Mua < Bán,33.85,65.7,25.73,96.0,Bán,Mua,-6897.0,,1.0,2193.0,MACD Histogram > 0 và giảm dần,0.5,0.4,0.4,0.5,,Giá nằm trên SMA(50),,,,,,Thoát vùng quá mua,8.84,44.04,,-5.84,44.04,85.45,347.06,Có,55.0,,,17402.6,2.5,16.1,36.3,9.2,-13.0,-12.4,129.5,511.9,Giá nằm trên SMA(100),,-5.84,44851.9,48425.8,51445.4,43855.4,26.6,,6.2,24.8,0.4,0.3,4862.0,16535.0,,1.8,4.0,5.4,,50.17,72.96,146697.0,2193.0,72.3,12.8,40.5,63.5
VPG,HSX,Tài nguyên Cơ bản,765.0,9.0,2.2,2.6,2.9,2.0,-0.3,1.2,,49.8,70.1,0.9,0.3,5.6,0.5,16.1,0.0,,Giá nằm dưới SMA(20),156.51,47.88,407.52,5.58,2.98,0.55,2.9,7.21,10.59,13.55,17.0,71.0,1.0,2.0,0.66,Mua < Bán,8.66,43.4,0.66,23.0,,Bán mạnh,-474.0,,3.0,1558.0,MACD Histogram < 0 và giảm dần,0.1,0.1,0.1,0.1,,Giá nằm trên SMA(50),,,,,,Trung tính,-6.78,-1.25,,0.12,-1.25,-33.38,23.82,Có,70.0,-575.0,-58.3,137.8,32.9,42.5,1061.1,958.9,-39.0,-83.3,17.0,140.8,Giá nằm dưới SMA(100),,0.12,662.7,907.9,1341.3,1107.4,,5.0,-5.5,25.8,0.9,0.0,24.0,4370.0,0.0,1.9,,,,,284.61,1605.0,1558.0,-20.3,-5.3,1.5,-10.7
VVS,UPCOM,Ô tô và phụ tùng,771.0,35.1,2.7,1.7,,3.8,0.5,0.2,,22.7,58.8,34.2,0.8,6.0,1.8,6.4,6.4,,Giá nằm trên SMA(20),71.79,,296.23,,6.0,2.65,0.9,2.59,3.37,3.06,29.0,98.0,99.0,94.0,0.58,,35.6,59.8,0.19,80.0,,Trung tính,34.0,,3.0,6019.0,MACD Histogram < 0 và giảm dần,0.3,0.2,0.2,0.3,,Giá nằm trên SMA(50),,,,,,Trung tính,-4.23,20.46,,-0.66,20.46,117.25,,Có,40.0,-30.4,-6.0,129.6,98.4,41.7,375.0,210.0,-9.9,-8.1,161.9,161.9,Giá nằm trên SMA(100),,-0.66,60.7,83.5,89.1,51.2,8.4,1.0,82.9,111.3,,0.0,55.0,2078.0,0.1,4.0,,,,347.24,,434.0,6019.0,84.3,1.2,32.8,56.9
