ticker,exchange,industry,market_cap,roe,stock_rating,business_operation,business_model,financial_health,alpha,beta,active_buy_pct,strong_buy_pct,high_vol_match,forecast_vol_ratio,pe,pb,ev_ebitda,dividend_yield,price_vs_sma5,price_vs_sma20,revenue_growth_1y,revenue_growth_5y,eps_growth_1y,eps_growth_5y,gross_margin,net_margin,doe,avg_trading_value_5d,avg_trading_value_10d,avg_trading_value_20d,relative_strength_3d,rel_strength_1m,rel_strength_3m,rel_strength_1y,total_trading_value,foreign_transaction,price_near_realtime,rsi14,foreign_vol_pct,tc_rs,tcbs_recommend,tcbs_buy_sell_signal,foreign_buysell_20s,num_increase_continuous_day,num_decrease_continuous_day,eps,macd_histogram,vol_vs_sma5,vol_vs_sma10,vol_vs_sma20,vol_vs_sma50,price_vs_sma10,price_vs_sma50,price_break_out52_week,price_wash_out52_week,sar_vs_macd_hist,bolling_band_signal,dmi_signal,rsi14_status,price_growth_1w,price_growth_1m,breakout,prev_1d_growth_pct,prev_1m_growth_pct,prev_1y_growth_pct,prev_5y_growth_pct,has_financial_report,free_transfer_rate,net_cash_per_market_cap,net_cash_per_total_assets,profit_last_4q,last_quarter_revenue_growth,second_quarter_revenue_growth,last_quarter_profit_growth,second_quarter_profit_growth,pct_1y_from_peak,pct_away_from_hist_peak,pct_1y_from_bottom,pct_off_hist_bottom,price_vs_sma100,heating_up,price_growth1_day,vsma5,vsma10,vsma20,vsma50,corporate_percentage,ev,quarter_revenue_growth,quarter_income_growth,peg_forward,peg_trailing,quarterly_income,quarterly_revenue,ps,roa,npl,nim,price_vs_sma200,eps_ttm_growth1_year,eps_ttm_growth5_year,equity_mi,eps_recently,percent_price_vs_ma200,percent_price_vs_ma20,percent_price_vs_ma50,percent_price_vs_ma100
ABB,UPCOM,Ngân hàng,13414.0,10.1,2.5,1.9,3.0,2.2,0.2,0.8,63.3,35.4,0.0,2.5,9.2,0.9,,0.0,Giá cắt lên SMA(5),Giá nằm trên SMA(20),4.27,4.43,29.12,-17.27,,42.32,,157.04,138.53,140.78,5.0,95.0,95.0,84.0,170.3,Mua < Bán,13.4,71.8,16.49,70.0,,Mua,615.0,0.0,0.0,1406.0,MACD Histogram < 0 và giảm dần,1.4,1.3,1.1,1.9,Giá cắt lên SMA(10),Giá nằm trên SMA(50),,,,,,Vào vùng quá mua,3.32,47.67,,3.4,47.67,73.58,,Có,50.0,,,1455.3,72.0,48.8,277.8,116.3,-3.6,-18.5,119.7,138.6,Giá nằm trên SMA(100),,3.4,8889.3,9629.7,11589.6,6632.3,34.2,,81.3,201.5,0.3,0.0,1002.0,2369.0,,0.8,2.7,1.9,,338.8,37.74,15327.0,1406.0,63.1,7.1,31.4,50.4
AME,HNX,Hàng & Dịch vụ Công nghiệp,587.0,4.0,2.2,2.4,3.5,2.2,0.2,0.7,100.0,2.5,93.4,0.7,17.9,0.7,12.9,0.0,,Giá nằm trên SMA(20),52.18,27.28,7.09,-14.33,5.97,1.29,1.6,0.0,0.01,0.01,27.0,26.0,10.0,50.0,0.0,Mua > Bán,9.1,69.4,2.28,28.0,,Mua mạnh,2.0,0.0,0.0,503.0,MACD Histogram < 0 và tăng dần,0.4,0.3,0.2,0.1,,Giá nằm trên SMA(50),,,,,,Trung tính,0.0,13.75,,1.11,13.75,65.45,21.33,Có,15.0,-241.7,-41.7,32.8,18.1,133.1,135.1,48.4,-2.1,-55.0,111.6,651.9,Giá nằm trên SMA(100),,1.11,0.5,0.8,1.1,2.6,99.5,2.0,12.6,1090.4,,0.3,16.0,1266.0,0.1,1.1,,,,52.89,67.46,827.0,503.0,68.0,7.9,30.0,52.2
AVC,UPCOM,"Điện, nước & xăng dầu khí đốt",4113.0,32.6,2.8,4.5,3.0,4.2,0.0,0.3,,62.8,48.2,0.8,11.6,3.5,7.7,0.9,,Giá nằm dưới SMA(20),7.98,19.99,-14.22,58.28,44.01,31.03,0.0,0.03,0.07,0.09,46.0,11.0,18.0,35.0,0.01,,54.8,46.1,0.0,28.0,,Bán,0.0,0.0,0.0,4734.0,MACD Histogram < 0 và tăng dần,0.4,0.1,0.1,0.1,,Giá nằm dưới SMA(50),,,,,,Trung tính,0.92,-4.36,,0.0,-4.36,3.74,250.12,Có,10.0,1.5,5.1,355.3,3.4,42.0,231.9,79.4,-8.7,-12.4,14.1,298.3,Giá nằm dưới SMA(100),,0.0,0.3,1.2,1.4,1.1,87.5,4.0,11.7,-24.2,0.0,0.1,45.0,146.0,5.2,27.3,,,,119.66,6396.03,1182.0,4734.0,-1.5,-0.8,-1.5,-1.2
BAB,HNX,Ngân hàng,16440.0,9.5,3.1,2.2,3.0,4.1,0.1,1.1,79.4,54.4,1.8,0.4,14.8,1.3,,0.0,Giá cắt xuống SMA(5),Giá nằm trên SMA(20),20.18,10.8,18.36,-0.72,,24.55,,1.43,0.98,0.71,86.0,88.0,81.0,73.0,0.16,Mua > Bán,15.1,65.7,0.0,82.0,,Mua mạnh,5.0,1.0,,1057.0,MACD Histogram > 0 và giảm dần,0.1,0.2,0.2,0.3,,Giá nằm trên SMA(50),,,,,,Thoát vùng quá mua,7.09,22.76,,-3.21,22.76,38.03,20.76,Có,75.0,,,1114.1,17.2,14.1,49.4,8.2,-7.4,-40.4,56.8,55.2,Giá nằm trên SMA(100),,-3.21,94.9,65.3,52.7,31.8,,,3.6,-17.0,0.4,0.6,243.0,991.0,,0.7,1.3,2.0,,22.74,25.45,12204.0,1057.0,30.8,7.0,18.7,27.1
BMP,HSX,Xây dựng và Vật liệu,11133.0,41.7,3.0,4.2,3.9,5.0,0.0,0.6,35.8,60.7,2.4,0.6,9.8,4.0,6.6,9.6,,Giá nằm dưới SMA(20),-10.5,1.25,-4.83,18.57,46.69,25.22,0.0,30.39,23.84,22.01,34.0,11.0,12.0,76.0,6.76,Mua < Bán,134.6,30.9,84.93,33.0,Chờ mua,Bán mạnh,-724.0,2.0,,13894.0,MACD Histogram < 0 và giảm dần,0.3,0.3,0.3,0.3,,Giá nằm dưới SMA(50),,,,,,Trung tính,-4.2,-5.61,,-1.03,-5.61,44.5,301.65,Có,45.0,5.3,16.6,1137.4,13.4,37.9,17.7,51.1,-10.9,-7.8,45.1,9054.1,Giá nằm dưới SMA(100),,-1.03,190.8,166.0,146.7,153.4,76.5,11.0,-5.4,15.0,0.4,0.5,330.0,1308.0,2.2,34.4,,,,21.54,140.37,2798.0,13894.0,5.5,-4.2,-4.2,-1.2
BSA,UPCOM,"Điện, nước & xăng dầu khí đốt",1551.0,12.8,2.6,2.3,3.0,4.6,0.0,0.3,,86.5,25.6,0.0,13.0,1.6,6.7,0.0,,Giá nằm dưới SMA(20),-13.95,-1.46,-27.51,-10.83,35.16,66.68,0.2,0.25,0.15,0.34,73.0,35.0,31.0,42.0,0.02,,23.2,52.6,0.0,45.0,,Mua,0.0,0.0,0.0,1781.0,MACD Histogram < 0 và tăng dần,0.1,0.2,0.2,0.1,,Giá nằm trên SMA(50),,,,,,Trung tính,0.87,0.43,,0.0,0.43,10.25,166.62,Có,15.0,-12.3,-16.2,119.0,57.0,47.5,1422.5,1904.9,-6.8,-4.6,16.0,196.3,Giá nằm trên SMA(100),,0.0,10.5,6.0,5.4,7.3,76.0,2.0,28.3,380.8,0.2,0.1,43.0,64.0,4.6,9.7,,,,195.05,97.99,956.0,1781.0,5.1,-0.1,1.6,4.2
BVL,UPCOM,Bất động sản,1816.0,23.6,3.4,2.6,,4.8,0.4,0.5,81.1,42.7,12.7,1.6,6.9,1.5,7.0,0.0,Giá cắt xuống SMA(5),Giá nằm trên SMA(20),-22.37,20.69,-78.12,,41.76,22.01,0.4,0.65,0.65,0.87,44.0,94.0,94.0,92.0,0.18,,20.1,63.3,0.0,81.0,,Mua,0.0,2.0,,2936.0,MACD Histogram < 0 và giảm dần,0.4,0.3,0.2,0.3,,Giá nằm trên SMA(50),,,,,,Trung tính,0.87,36.34,,-1.04,36.34,95.57,,Có,35.0,-24.3,-16.3,262.5,59.2,444.7,1464.0,37553.8,-5.6,-52.7,171.4,195.2,Giá nằm trên SMA(100),,-1.04,24.1,31.3,38.1,26.2,68.8,3.0,-4.3,-23.8,,0.0,113.0,514.0,1.3,11.9,,,,539.64,,1245.0,2936.0,74.2,4.0,22.7,44.4
CHP,HSX,"Điện, nước & xăng dầu khí đốt",5002.0,23.1,2.7,3.2,3.0,4.8,0.0,0.5,47.9,29.7,0.5,0.8,10.7,2.4,9.8,6.7,,Giá nằm dưới SMA(20),-7.62,2.67,-6.88,7.75,54.45,44.27,0.2,3.38,2.42,2.12,49.0,17.0,20.0,40.0,0.59,Mua < Bán,34.0,38.3,3.35,32.0,,Bán,-726.0,,1.0,3179.0,MACD Histogram < 0 và tăng dần,0.2,0.3,0.3,0.5,Giá cắt xuống SMA(10),Giá nằm dưới SMA(50),,,,,,Trung tính,0.0,-3.27,,-0.15,-3.27,5.31,165.0,Có,30.0,-3.9,-7.4,467.1,59.7,68.4,159.8,286.4,-13.1,-11.2,17.2,951.2,Giá nằm dưới SMA(100),,-0.15,86.5,66.3,62.8,35.8,70.2,5.0,1.1,-12.6,0.6,0.1,105.0,237.0,5.0,17.3,,,,71.53,213.65,2051.0,3179.0,0.9,-0.6,-1.5,-0.5
CTG,HSX,Ngân hàng,266352.0,20.2,3.1,3.6,4.8,3.6,0.0,1.1,59.6,67.7,0.7,1.4,8.8,1.6,,0.0,,Giá nằm trên SMA(20),16.1,15.12,27.36,19.11,,46.62,,752.19,633.63,589.91,34.0,66.0,69.0,79.0,346.42,Mua > Bán,50.1,68.0,26.83,62.0,Chờ bán,Mua mạnh,-21884.0,1.0,,5608.0,MACD Histogram > 0 và tăng dần,0.6,0.6,0.5,0.7,,Giá nằm trên SMA(50),,,,,,Trung tính,4.38,11.21,,1.01,11.21,53.45,222.25,Có,15.0,,,30112.9,6.5,7.3,80.2,9.3,-2.0,-0.2,53.7,825.0,Giá nằm trên SMA(100),,1.01,11744.7,12120.3,12931.0,9818.0,86.6,,2.3,78.4,0.4,0.2,9670.0,20917.0,,1.3,1.3,2.7,,48.29,141.64,162724.0,5608.0,25.8,6.0,12.4,20.8
CTI,HSX,Xây dựng và Vật liệu,1717.0,10.1,2.5,2.4,3.1,2.0,0.2,0.9,41.7,70.1,6.0,1.5,12.0,1.1,8.1,0.0,,Giá cắt xuống SMA(20),36.49,6.89,29.49,1.39,39.59,15.19,1.2,61.07,61.54,71.07,33.0,59.0,74.0,85.0,43.89,Mua < Bán,26.15,49.5,2.5,63.0,,Trung tính,693.0,,1.0,2263.0,MACD Histogram < 0 và giảm dần,0.9,0.8,0.6,0.7,,Giá nằm trên SMA(50),,,,Tín hiệu bán,,Trung tính,-4.21,2.75,,-4.04,2.75,64.98,131.04,Có,95.0,-118.8,-42.6,142.6,36.9,9.8,163.6,36.9,-9.7,-15.1,76.7,763.1,Giá nằm trên SMA(100),,-4.04,1784.1,2051.7,2568.7,2425.7,18.3,4.0,24.3,38.2,0.5,0.1,53.0,351.0,1.4,3.1,,,,90.77,20.52,1573.0,2263.0,24.0,-1.6,3.3,14.8
DBC,HSX,Thực phẩm và đồ uống,11277.0,25.1,2.7,3.0,3.8,3.6,0.0,1.2,44.2,84.4,0.3,0.7,7.2,1.5,6.3,0.0,,Giá nằm dưới SMA(20),22.17,13.56,2975.45,-5.47,21.6,13.27,0.7,367.45,362.28,428.37,3.0,31.0,58.0,61.0,94.47,Mua > Bán,29.25,45.3,4.29,38.0,Chờ bán,Trung tính,-5026.0,,3.0,4070.0,MACD Histogram < 0 và giảm dần,0.3,0.3,0.3,0.3,,Giá nằm trên SMA(50),,,,,,Trung tính,-6.4,-0.19,,-0.17,-0.19,18.23,104.7,Có,65.0,-40.6,-31.4,1566.3,20.0,11.0,248.6,600.0,-9.6,-6.4,53.2,2556.2,Giá nằm trên SMA(100),,-0.17,9849.1,10610.6,12013.7,11361.8,27.8,16.0,5.8,-0.3,0.1,0.0,507.0,3820.0,0.8,11.2,,,,560.99,-4.16,7576.0,4070.0,15.2,-3.0,0.1,9.8
DCM,HSX,Hóa chất,22235.0,17.1,3.6,3.0,4.1,5.0,0.0,1.0,40.2,45.5,3.4,1.3,13.0,2.2,10.9,5.9,Giá cắt xuống SMA(5),Giá nằm trên SMA(20),7.04,13.82,28.02,27.21,19.91,13.33,0.2,305.8,360.59,312.07,86.0,86.0,74.0,57.0,179.93,Mua > Bán,40.8,61.4,6.47,76.0,Mua,Mua,8249.0,,1.0,3221.0,MACD Histogram > 0 và giảm dần,0.7,0.6,0.6,0.7,Giá cắt xuống SMA(10),Giá nằm trên SMA(50),,,,,,Trung tính,-1.21,20.71,,-2.86,20.71,14.43,571.19,Có,25.0,8.8,10.7,1705.3,56.3,24.1,37.7,18.9,-7.0,-5.9,74.5,997.5,Giá nằm trên SMA(100),,-2.86,6289.7,7355.2,7847.2,6080.4,85.5,20.0,77.2,95.6,0.4,0.9,805.0,6037.0,1.4,9.7,,,,13.89,248.9,10236.0,3221.0,22.0,5.6,13.8,22.7
DDV,UPCOM,Hóa chất,4830.0,19.6,3.1,3.0,3.8,5.0,0.3,1.1,30.1,49.1,6.0,1.3,13.7,2.5,9.1,4.7,,Giá cắt xuống SMA(20),5.79,15.38,144.05,97.14,14.86,9.55,0.0,58.36,56.02,64.15,24.0,68.0,84.0,89.0,33.47,,31.9,49.9,4.86,66.0,Chờ mua,Bán,967.0,,1.0,2413.0,MACD Histogram < 0 và giảm dần,0.7,0.7,0.5,0.5,,Giá nằm trên SMA(50),,,,Tín hiệu bán,Tín hiệu bán,Trung tính,-7.8,6.33,,-3.49,6.33,77.36,569.49,Có,40.0,3.7,6.7,352.6,71.0,48.7,138.8,361.8,-9.6,-8.1,161.5,850.1,Giá nằm trên SMA(100),,-3.49,1523.1,1465.9,1883.3,2047.6,70.1,5.0,38.4,25.6,0.1,0.1,153.0,1601.0,1.1,14.5,,,,120.89,,1903.0,2413.0,46.0,-2.6,6.4,25.0
DRI,UPCOM,Hóa chất,912.0,27.4,3.0,3.6,3.2,4.4,-0.1,1.4,57.2,32.1,1.6,1.4,5.9,1.4,3.6,7.4,,Giá nằm dưới SMA(20),6.21,-2.67,47.98,21.71,34.11,18.55,0.1,15.2,16.65,19.23,21.0,9.0,44.0,67.0,5.6,,12.4,39.4,0.85,35.0,,Bán,75.0,,1.0,2122.0,MACD Histogram < 0 và giảm dần,0.5,0.4,0.3,0.3,,Giá nằm dưới SMA(50),,,,,,Trung tính,-4.81,-5.63,,-0.48,-5.63,28.84,316.25,Có,35.0,8.6,9.5,155.3,81.4,74.2,122.1,167.2,-24.4,-28.4,58.8,409.9,Giá nằm trên SMA(100),,-0.48,957.0,1140.0,1413.6,1344.4,46.4,1.0,-44.7,-62.4,0.5,0.1,21.0,113.0,1.5,21.7,,,"{'vi': 'Giá cắt xuống SMA(200)', 'en': 'Price cross below SMA(200)'}",113.46,1567.58,648.0,2122.0,0.0,-3.8,-2.1,3.8
DTD,HNX,Bất động sản,1547.0,19.8,3.4,3.7,3.6,4.8,-0.2,1.6,35.3,22.7,0.0,0.9,6.9,1.2,3.1,0.0,Giá cắt xuống SMA(5),Giá nằm trên SMA(20),-36.99,19.63,-44.56,-6.54,67.23,35.36,0.0,32.84,34.01,30.15,78.0,85.0,85.0,33.0,12.08,Mua < Bán,22.5,63.4,1.66,70.0,,Mua,772.0,2.0,,3364.0,MACD Histogram > 0 và giảm dần,0.5,0.4,0.4,0.6,Giá cắt xuống SMA(10),Giá nằm trên SMA(50),,,,,,Thoát vùng quá mua,-2.6,19.68,,-3.02,19.68,-1.14,161.38,Có,55.0,13.5,8.5,224.3,333.1,8.6,628.5,32.8,-8.4,-24.3,93.3,533.3,Giá nằm trên SMA(100),,-3.02,1137.2,1458.4,1475.7,944.3,5.8,2.0,31.5,49.4,0.1,0.1,102.0,288.0,2.1,9.6,,,,101.21,85.42,1246.0,3364.0,16.3,7.3,19.7,31.2
DTK,HNX,"Điện, nước & xăng dầu khí đốt",8466.0,9.1,2.5,1.6,3.1,4.0,0.1,-0.1,69.2,64.8,9.5,0.6,11.0,1.0,5.4,3.8,,Giá nằm dưới SMA(20),8.53,0.4,27.81,4.16,13.17,8.42,0.4,0.03,0.03,0.06,39.0,34.0,25.0,29.0,0.02,,12.4,46.6,0.01,32.0,,Bán,0.0,0.0,0.0,1131.0,MACD Histogram < 0 và tăng dần,0.5,0.5,0.3,0.5,,Giá nằm dưới SMA(50),,,,,,Trung tính,-0.8,0.0,,0.0,0.0,-0.77,98.74,Có,0.7,-34.4,-19.0,772.0,2.9,16.5,21.4,10.5,-12.8,-20.4,18.4,150.6,Giá nằm dưới SMA(100),,0.0,2.6,2.4,4.5,2.7,99.3,11.0,3.0,28.7,0.4,0.3,323.0,3832.0,0.6,4.8,,,"{'vi': 'Giá cắt xuống SMA(200)', 'en': 'Price cross below SMA(200)'}",39.9,76.15,8673.0,1131.0,0.1,-1.7,-1.0,-1.1
FOX,UPCOM,Viễn thông,50306.0,32.9,2.5,3.9,3.0,4.0,0.0,0.7,42.8,67.9,1.2,1.7,16.4,5.3,12.0,8.2,,Giá nằm dưới SMA(20),11.42,11.11,17.64,-1.61,50.43,18.51,0.9,15.8,15.86,15.61,5.0,3.0,44.0,50.0,9.04,,66.0,36.3,0.0,26.0,Chờ mua,Bán,0.0,,6.0,4151.0,MACD Histogram < 0 và giảm dần,0.7,0.6,0.7,0.9,,Giá cắt xuống SMA(50),,,,,,Trung tính,-10.13,-13.81,,-3.08,-13.81,10.01,368.78,Có,4.2,-16.9,-33.6,3066.6,12.8,14.2,20.7,17.1,-18.0,-13.8,40.2,573.3,Giá nằm trên SMA(100),,-3.08,183.0,207.2,204.7,157.6,96.2,59.0,4.2,15.6,0.8,0.8,884.0,4775.0,2.7,13.0,,,,19.42,-4.92,9478.0,4151.0,5.4,-8.3,-2.5,3.1
GCF,UPCOM,Thực phẩm và đồ uống,1416.0,21.1,2.6,2.3,,4.2,0.2,0.9,,54.7,,,16.2,3.2,11.9,7.0,,,21.91,,133.22,,36.56,14.55,0.5,0.12,0.21,0.24,61.0,64.0,37.0,88.0,,,,,0.35,62.0,,,34.0,0.0,0.0,2224.0,,,,,,,,,,,,,,,,,,,,,Có,50.0,-15.6,-29.1,87.5,41.1,24.4,14.7,209.2,,,,,,,,,,,,52.9,2.0,35.3,20.1,,0.2,29.0,200.0,2.1,12.6,,,,80.81,,437.0,2224.0,,,,
GEG,HSX,"Điện, nước & xăng dầu khí đốt",5984.0,11.7,2.5,2.8,3.0,3.6,0.1,0.9,31.5,85.4,0.1,1.4,10.9,1.2,7.1,0.0,,Giá nằm dưới SMA(20),7.48,14.93,-16.34,-17.26,43.71,26.56,1.3,38.08,39.11,50.01,13.0,35.0,35.0,68.0,14.46,Mua < Bán,16.4,42.9,46.36,38.0,Chờ mua,Bán,-210.0,,1.0,1529.0,MACD Histogram < 0 và giảm dần,0.5,0.4,0.3,0.4,,Giá cắt xuống SMA(50),,,,,,Trung tính,-5.75,-1.5,,-1.8,-1.5,34.01,42.22,Có,3.0,-133.7,-52.7,547.8,28.0,50.5,672.7,321.9,-11.1,-31.9,56.9,181.2,Giá nằm trên SMA(100),,-1.8,1698.4,2054.7,2717.7,2471.0,100.0,16.0,-43.9,-56.2,0.1,0.1,166.0,624.0,2.1,3.5,,,,212.27,103.02,4937.0,1529.0,18.4,-4.0,-1.6,4.0
GSM,UPCOM,"Điện, nước & xăng dầu khí đốt",886.0,23.2,3.0,3.8,3.4,4.8,0.2,0.3,1.8,52.6,1.2,0.9,7.6,1.6,7.7,8.3,,Giá cắt lên SMA(20),26.0,7.9,92.1,49.28,64.04,52.31,0.3,0.7,0.81,0.92,29.0,42.0,17.0,70.0,0.17,,31.1,54.1,0.01,40.0,,Trung tính,0.0,0.0,0.0,4066.0,MACD Histogram < 0 và giảm dần,0.4,0.2,0.2,0.3,,Giá nằm trên SMA(50),,,,Tín hiệu mua,,Trung tính,0.15,3.16,,0.22,3.16,47.34,310.17,Có,20.0,-14.4,-16.7,116.1,186.9,115.1,912.7,1707.4,-8.5,-2.7,51.7,609.9,Giá nằm trên SMA(100),,0.22,15.7,24.3,24.3,20.7,59.7,1.0,11.6,27.9,,0.0,28.0,54.0,4.1,15.5,,,,216.23,392.48,560.0,4066.0,11.9,0.2,1.3,3.6
HAH,HSX,Hàng & Dịch vụ Công nghiệp,10689.0,31.5,3.7,4.4,3.4,4.4,0.2,1.0,28.8,95.7,0.1,1.3,9.9,2.7,5.8,2.7,Giá cắt xuống SMA(5),Giá nằm trên SMA(20),52.8,29.2,69.0,9.14,44.44,28.37,0.5,232.91,266.4,376.28,68.0,82.0,68.0,93.0,102.45,Mua < Bán,61.6,58.2,6.41,78.0,Chờ mua,Mua,1795.0,,1.0,6362.0,MACD Histogram > 0 và giảm dần,0.6,0.4,0.3,0.4,,Giá nằm trên SMA(50),,,,,,Trung tính,-2.22,15.93,,-2.69,15.93,93.44,1656.99,Có,55.0,-11.8,-15.6,1074.3,34.3,66.0,223.4,293.7,-9.8,-4.3,109.4,2616.3,Giá nằm trên SMA(100),,-2.69,2974.5,3844.9,5117.9,4076.1,56.6,13.0,9.0,55.0,0.1,0.0,362.0,1275.0,2.2,15.3,,,,216.22,269.61,4026.0,6362.0,37.0,3.6,11.6,18.0
HDB,HSX,Ngân hàng,113589.0,25.3,3.1,4.8,3.0,1.9,0.0,1.2,53.9,38.6,0.8,0.8,8.0,1.8,,0.0,,Giá nằm trên SMA(20),28.84,24.48,26.73,15.08,,31.59,,1048.59,843.61,787.84,88.0,92.0,87.0,75.0,339.26,Mua < Bán,32.2,77.0,17.47,86.0,Chờ bán,Mua mạnh,12896.0,1.0,,4088.0,MACD Histogram > 0 và tăng dần,0.4,0.4,0.4,0.5,,Giá nằm trên SMA(50),,,,,,Trung tính,11.42,31.97,,-0.92,31.97,43.12,363.07,Có,75.0,,,14287.9,40.3,18.7,12.8,36.2,-1.2,-0.9,78.9,628.8,Giá nằm trên SMA(100),,-0.92,29340.1,26905.6,26748.7,20191.1,21.6,,26.4,-17.0,0.3,0.4,3515.0,11636.0,,2.0,2.5,5.2,,18.58,149.64,62176.0,4088.0,40.0,12.1,27.2,37.9
HDM,UPCOM,Hàng cá nhân & Gia dụng,704.0,32.3,3.3,3.5,3.0,4.0,0.0,0.8,41.2,51.8,15.6,0.8,5.0,1.5,4.2,9.2,,Giá nằm dưới SMA(20),6.03,2.29,14.56,25.71,15.16,8.92,0.8,0.31,0.31,0.33,38.0,76.0,49.0,69.0,0.06,,35.2,48.5,0.09,58.0,,Bán,1.0,1.0,,7073.0,MACD Histogram < 0 và tăng dần,0.3,0.2,0.2,0.2,,Giá nằm trên SMA(50),,,,,,Trung tính,-2.16,-1.83,,0.49,-1.83,15.58,584.76,Có,35.0,-34.8,-20.0,142.1,30.9,4.3,79.7,40.5,-7.4,-7.0,19.3,11777.0,Giá nằm trên SMA(100),,0.49,5.5,8.3,8.4,8.3,76.2,1.0,19.6,71.9,0.1,0.1,54.0,601.0,0.3,12.3,,,,40.58,,484.0,7073.0,4.6,-2.1,2.8,5.4
HGM,HNX,Tài nguyên Cơ bản,3968.0,120.1,3.1,5.0,3.5,4.2,0.7,0.5,100.0,25.9,4.6,0.1,9.4,8.1,7.4,6.2,,Giá nằm dưới SMA(20),110.86,32.94,233.91,94.64,86.06,73.38,0.0,1.77,1.43,2.08,22.0,21.0,48.0,99.0,0.09,,313.7,47.7,0.27,48.0,,Trung tính,8.0,,2.0,33427.0,MACD Histogram < 0 và giảm dần,0.1,0.1,0.1,0.1,,Giá nằm trên SMA(50),,,,,,Trung tính,-3.92,-2.58,,-0.38,-2.58,452.7,1054.54,Có,40.0,6.5,41.7,421.2,233.4,193.7,310.2,441.2,-22.2,-14.5,443.6,3324.3,Giá nằm trên SMA(100),,-0.38,5.1,4.4,5.4,4.7,62.9,4.0,81.1,101.1,,0.0,205.0,279.0,5.9,95.0,,,,350.61,12177.87,489.0,33427.0,18.7,-3.3,4.4,3.8
HHV,HSX,Xây dựng và Vật liệu,7909.0,5.3,3.1,3.7,3.3,1.6,0.0,1.1,39.9,78.0,0.5,0.8,15.9,0.8,15.9,0.0,,Giá nằm trên SMA(20),23.19,47.3,32.38,2.65,40.88,13.79,1.6,364.58,341.81,281.42,93.0,85.0,78.0,72.0,166.3,Mua > Bán,15.45,70.5,10.66,82.0,Chờ bán,Mua mạnh,-1307.0,2.0,,1001.0,MACD Histogram > 0 và giảm dần,0.5,0.5,0.5,0.7,,Giá nằm trên SMA(50),,,,,,Trung tính,2.66,19.77,,-2.83,19.77,38.65,26.38,Có,80.0,-229.0,-45.5,497.8,16.4,6.5,19.4,52.3,-8.0,-27.5,66.9,582.8,Giá nằm trên SMA(100),,-2.83,19551.4,22033.9,19890.9,14469.3,26.4,28.0,28.8,-10.7,0.5,0.4,131.0,947.0,2.3,1.3,,,,39.13,,10311.0,1001.0,31.6,11.0,20.5,27.5
HPW,UPCOM,"Điện, nước & xăng dầu khí đốt",1373.0,12.4,2.5,2.3,3.5,4.4,0.1,0.1,,63.2,,,11.1,1.4,5.4,5.5,,,13.85,6.01,8.63,4.2,38.51,10.64,0.8,0.03,0.03,0.07,61.0,29.0,4.0,24.0,,,,,0.14,30.0,,,0.0,0.0,0.0,1660.0,,,,,,,,,,,,,,,,,,,,,Có,15.0,-60.2,-38.7,123.2,3.4,19.8,89.9,6.9,,,,,,,,,,,,80.6,2.0,6.6,112.2,,0.5,37.0,346.0,1.0,5.8,,,,22.98,41.8,1004.0,1660.0,,,,
HTG,HSX,Hàng cá nhân & Gia dụng,1708.0,37.9,3.1,2.9,3.0,3.8,0.0,0.8,38.7,35.6,4.6,1.2,4.9,1.7,4.8,8.3,,Giá nằm dưới SMA(20),8.57,3.71,63.34,8.85,16.51,9.85,1.2,2.26,2.06,2.16,70.0,47.0,62.0,54.0,0.86,,47.3,51.9,0.02,58.0,Chờ mua,Trung tính,0.0,,1.0,9749.0,MACD Histogram < 0 và giảm dần,0.4,0.5,0.4,0.5,,Giá nằm trên SMA(50),,,,,,Trung tính,-2.67,2.83,,-0.32,2.83,16.88,526.76,Có,30.0,-43.5,-23.6,351.0,19.7,8.3,84.3,24.5,-9.9,-9.0,33.8,737.5,Giá nằm trên SMA(100),,-0.32,45.7,39.7,42.7,39.2,63.0,2.0,2.5,129.5,0.2,0.1,129.0,1309.0,0.3,11.7,,,,57.87,212.17,1027.0,9749.0,5.1,-1.3,4.5,10.2
HTI,HSX,Xây dựng và Vật liệu,574.0,25.0,2.9,2.8,3.5,4.2,0.2,0.5,43.6,92.9,13.1,1.5,4.5,1.0,7.6,12.0,,Giá cắt xuống SMA(20),11.24,5.25,11.27,-1.81,47.6,28.49,1.0,4.26,4.62,6.99,79.0,86.0,78.0,48.0,1.6,Mua < Bán,22.7,55.4,6.65,73.0,,Trung tính,-201.0,1.0,,5146.0,MACD Histogram < 0 và giảm dần,0.7,0.4,0.3,0.4,,Giá nằm trên SMA(50),,,,Tín hiệu bán,,Trung tính,-4.02,5.34,,-1.3,5.34,57.12,218.99,Có,40.0,-95.4,-34.9,128.4,12.1,2.3,122.6,299.6,-7.7,-6.8,58.1,1686.3,Giá nằm trên SMA(100),,-1.3,94.6,182.1,220.0,179.8,72.1,1.0,15.7,-36.9,,0.0,37.0,130.0,1.1,8.5,,,,113.54,98.75,553.0,5146.0,32.5,-1.1,11.1,20.1
HUG,UPCOM,Hàng cá nhân & Gia dụng,654.0,29.2,2.7,2.2,3.0,3.6,0.1,0.6,,18.4,,,8.0,2.2,6.7,5.9,,,-1.76,-1.0,-16.14,-11.41,27.19,11.03,0.0,0.03,0.03,0.04,63.0,58.0,59.0,61.0,,,,,0.0,60.0,,,0.0,1.0,,4189.0,,,,,,,,,,,,,,,,,,,,,Có,60.0,9.4,9.9,81.7,57.1,12.5,94.6,53.8,,,,,,,,,,,,35.0,1.0,21.2,50.1,0.0,0.4,25.0,227.0,0.8,13.9,,,,21.24,2.9,293.0,4189.0,,,,
HVT,HNX,Hóa chất,887.0,23.2,2.5,2.8,3.0,4.0,-0.1,0.9,48.0,35.3,0.6,0.8,9.0,2.0,7.8,3.5,,Giá nằm dưới SMA(20),15.27,8.27,25.25,-5.12,19.9,6.39,0.4,1.48,1.58,2.83,11.0,3.0,52.0,36.0,0.31,,32.1,31.0,1.09,26.0,,Bán mạnh,-16.0,,5.0,3575.0,MACD Histogram < 0 và giảm dần,0.4,0.2,0.1,0.1,,Giá nằm dưới SMA(50),,,,,,Trung tính,-5.03,-10.83,,-0.62,-10.83,2.28,243.1,Có,30.0,-18.9,-20.5,98.2,5.5,14.8,46.2,55.1,-32.7,-29.0,17.1,4162.1,Giá nằm dưới SMA(100),,-0.62,26.6,41.8,78.3,79.3,68.5,1.0,-2.7,50.7,0.1,0.1,24.0,382.0,0.6,12.1,,,,125.82,13.63,447.0,3575.0,-11.9,-5.3,-6.0,-2.6
ILB,HSX,Hàng & Dịch vụ Công nghiệp,1123.0,17.5,3.0,3.0,3.5,4.4,0.0,0.5,90.0,6.1,1.9,0.2,10.2,1.5,3.7,5.4,Giá cắt xuống SMA(5),Giá nằm trên SMA(20),-6.65,3.48,-1.17,0.75,38.2,19.85,0.2,0.38,0.4,0.36,46.0,59.0,27.0,49.0,0.03,,29.2,59.8,12.85,45.0,,Mua,-2.0,2.0,,2894.0,MACD Histogram > 0 và giảm dần,0.1,0.1,0.1,0.1,,Giá nằm trên SMA(50),,,,,,Trung tính,0.52,6.18,,-0.68,6.18,9.67,190.21,Có,45.0,27.7,16.3,110.5,12.0,8.0,48.5,10.5,-16.3,-15.0,21.9,274.3,Giá nằm trên SMA(100),,-0.68,8.0,12.5,11.8,9.4,72.0,1.0,7.9,-7.8,0.1,0.6,26.0,133.0,2.2,6.3,,,,16.21,17.72,771.0,2894.0,3.8,1.7,4.4,3.8
IST,UPCOM,Hàng & Dịch vụ Công nghiệp,563.0,31.1,3.0,3.0,3.5,4.0,0.0,1.0,,82.9,,,7.5,2.3,5.2,5.7,,,9.16,9.93,19.29,6.26,30.33,19.83,0.1,0.03,0.03,0.03,53.0,87.0,46.0,,,,,,0.18,62.0,,,1.0,0.0,0.0,4991.0,,,,,,,,,,,,,,,,,,,,,Có,30.0,16.3,16.6,74.9,16.2,17.6,41.1,9.5,,,,,,,,,,,,75.0,0.0,16.3,60.6,,0.6,27.0,137.0,1.1,14.2,,,,13.27,48.93,241.0,4991.0,,,,
KLB,UPCOM,Ngân hàng,8267.0,17.7,3.0,3.7,3.0,3.2,0.2,0.9,65.0,45.8,2.2,3.0,7.0,1.1,,0.0,Giá cắt lên SMA(5),Giá nằm trên SMA(20),42.2,26.89,54.62,67.32,,37.91,,14.12,13.1,15.11,33.0,69.0,97.0,91.0,12.0,Mua > Bán,23.2,64.3,1.35,72.0,,Mua,130.0,0.0,0.0,3275.0,MACD Histogram < 0 và giảm dần,1.0,1.0,0.8,0.7,Giá cắt lên SMA(10),Giá nằm trên SMA(50),,,,,,Trung tính,0.71,11.44,,1.45,11.44,93.41,164.79,Có,95.0,,,1183.7,9.7,47.2,67.7,66.8,-5.3,-42.2,144.2,243.6,Giá nằm trên SMA(100),,1.45,499.9,517.9,620.9,709.0,10.9,,5.1,58.6,0.1,0.1,451.0,1191.0,,1.3,2.0,3.9,,70.91,3713.91,7246.0,3275.0,62.2,2.2,15.9,39.4
M10,UPCOM,Hàng cá nhân & Gia dụng,687.0,23.2,2.6,2.3,3.0,3.0,-0.1,1.1,43.3,36.9,66.3,7.4,5.4,1.2,9.8,6.1,,Giá nằm dưới SMA(20),12.26,6.76,-5.25,6.51,9.6,3.48,1.3,0.27,0.33,0.26,61.0,57.0,28.0,72.0,0.34,,21.3,43.9,0.0,54.0,,Bán,0.0,0.0,0.0,4014.0,MACD Histogram < 0 và giảm dần,1.6,1.1,1.3,2.1,,Giá nằm trên SMA(50),,,,,,Trung tính,-3.22,1.43,,-1.5,1.43,-4.51,93.73,Có,65.0,-86.2,-23.4,127.5,31.8,14.2,145.4,19.5,-22.6,-18.3,26.1,126.1,Giá nằm trên SMA(100),,-1.5,10.1,14.3,12.1,7.4,32.2,1.0,-7.7,13.8,0.1,0.2,40.0,1159.0,0.1,5.1,,,,22.85,78.94,582.0,4014.0,-2.4,-2.6,1.2,4.1
MNB,UPCOM,Hàng cá nhân & Gia dụng,537.0,25.7,2.4,2.2,3.4,2.6,0.1,0.6,56.2,19.3,25.0,0.3,4.8,1.1,5.8,8.3,,Giá nằm dưới SMA(20),23.71,-0.85,186.67,11.12,16.8,1.87,3.0,0.32,0.19,0.12,1.0,82.0,15.0,15.0,0.04,,27.0,42.4,0.24,28.0,,Bán mạnh,-5.0,,3.0,5575.0,MACD Histogram < 0 và giảm dần,0.2,0.3,0.4,0.8,,Giá nằm dưới SMA(50),,,,,,Trung tính,-15.69,0.05,,0.56,0.05,14.63,31.09,Có,35.0,-253.3,-44.7,111.5,24.3,15.1,85.5,171.6,-22.1,-19.2,17.0,90.7,Giá nằm dưới SMA(100),,0.56,9.2,5.6,3.7,2.0,49.6,2.0,31.9,5.5,,0.0,25.0,1329.0,0.1,3.8,,,,257.85,287.93,473.0,5575.0,-3.4,-7.0,-2.1,-3.4
MSH,HSX,Hàng cá nhân & Gia dụng,4118.0,29.0,2.7,2.2,3.4,4.4,0.1,0.9,35.5,71.3,0.1,1.4,7.5,2.1,7.2,10.1,,Giá nằm dưới SMA(20),16.26,3.66,68.69,-16.43,21.03,12.27,0.6,25.86,35.18,28.22,6.0,14.0,38.0,58.0,10.23,Mua > Bán,36.05,39.5,5.15,29.0,Chờ mua,Bán,-464.0,,3.0,4865.0,MACD Histogram < 0 và giảm dần,0.6,0.3,0.4,0.5,,Giá nằm dưới SMA(50),,,,,,Trung tính,-7.56,-5.13,,-1.5,-5.13,16.7,269.02,Có,35.0,-20.7,-17.8,547.5,10.0,34.5,108.3,61.4,-13.9,-12.4,43.2,372.8,Giá nằm trên SMA(100),,-1.5,472.0,841.1,727.8,529.2,12.3,5.0,41.6,113.1,0.7,0.1,180.0,1467.0,0.7,12.2,,,,101.87,2.98,1993.0,4865.0,2.3,-5.2,-3.8,2.2
MVB,HNX,Tài nguyên Cơ bản,1900.0,16.1,2.7,1.9,3.9,4.2,-0.1,0.8,100.0,65.8,2.1,0.2,7.1,1.1,3.5,5.5,,Giá nằm dưới SMA(20),7.88,1.22,-7.6,-4.4,18.25,5.95,0.1,0.21,0.18,0.25,61.0,39.0,11.0,13.0,0.0,,18.1,46.6,0.07,31.0,,Bán,6.0,1.0,,2546.0,MACD Histogram < 0 và tăng dần,0.0,0.0,0.0,0.0,,Giá nằm dưới SMA(50),,,,,,Trung tính,-1.09,1.12,,0.0,1.12,-11.62,206.53,Có,1.8,5.0,2.7,267.4,18.9,18.3,35.8,38.9,-38.7,-33.6,8.6,1408.6,Giá nằm dưới SMA(100),,0.0,9.3,9.8,11.5,10.3,98.2,2.0,11.4,42.1,0.1,0.3,92.0,1543.0,0.3,7.9,,,,28.38,-12.35,1722.0,2546.0,-7.5,-1.0,-0.5,-6.3
MVC,UPCOM,Xây dựng và Vật liệu,1484.0,9.4,2.9,2.2,3.2,4.6,0.2,1.2,89.2,36.6,1.9,0.3,12.6,1.2,19.1,4.9,,Giá nằm trên SMA(20),7.74,-5.9,20.53,-3.57,28.95,25.54,0.2,1.73,2.55,3.17,25.0,97.0,95.0,89.0,0.63,,14.7,60.7,0.0,76.0,,Trung tính,0.0,2.0,,1174.0,MACD Histogram < 0 và giảm dần,0.5,0.3,0.2,0.4,,Giá nằm trên SMA(50),,,,,,Trung tính,-4.45,43.0,,-0.94,43.0,76.91,88.37,Có,35.0,-13.5,-12.5,117.4,23.2,21.5,68.5,122.2,-13.5,-7.6,123.0,299.1,Giá nằm trên SMA(100),,-0.94,94.0,130.1,204.9,117.9,65.3,2.0,19.9,109.2,,0.3,46.0,182.0,2.2,7.5,,,,47.61,23.36,1283.0,1174.0,49.4,1.3,22.1,38.8
NAB,HSX,Ngân hàng,26765.0,20.2,2.9,4.4,3.4,2.2,0.0,0.8,49.5,89.0,0.5,1.4,7.0,1.3,,0.0,,Giá nằm trên SMA(20),18.42,29.7,37.59,8.08,,38.15,,44.58,37.88,34.27,8.0,60.0,54.0,53.0,26.65,Mua < Bán,15.7,60.5,1.84,44.0,,Mua,-2851.0,,3.0,2243.0,MACD Histogram < 0 và giảm dần,0.7,0.7,0.8,0.8,Giá cắt lên SMA(10),Giá nằm trên SMA(50),,,,,,Trung tính,0.96,7.9,,0.64,7.9,18.58,,Có,80.0,,,3848.0,17.1,15.7,6.5,22.3,-5.7,-3.7,30.8,327.7,Giá nằm trên SMA(100),,0.64,2374.4,2267.7,2157.4,1997.7,30.0,,18.9,6.0,0.5,0.3,1035.0,2712.0,,1.4,2.8,3.1,,21.19,250.23,21240.0,2243.0,15.6,1.8,8.4,12.7
NCS,UPCOM,Thực phẩm và đồ uống,673.0,33.7,2.8,2.5,3.5,3.8,0.1,0.4,7.9,65.8,3.1,3.2,10.8,3.1,6.6,0.0,Giá cắt lên SMA(5),Giá nằm trên SMA(20),19.28,2.49,18.59,9.77,16.75,8.66,0.5,0.32,0.33,0.31,91.0,80.0,85.0,44.0,0.34,Mua > Bán,38.1,69.4,3.9,75.0,,Mua mạnh,149.0,,1.0,3473.0,MACD Histogram < 0 và tăng dần,1.6,1.0,1.1,0.8,,Giá nằm trên SMA(50),Tín hiệu vượt đỉnh,,,,,Trung tính,2.37,9.65,,1.62,9.65,34.63,133.65,Có,30.0,-13.3,-19.4,62.3,24.2,16.5,44.3,14.6,0.3,-13.5,66.4,521.3,Giá nằm trên SMA(100),,1.62,5.4,8.7,8.3,11.4,71.9,1.0,-2.9,0.5,,0.8,17.0,202.0,0.8,13.5,,,,13.43,,214.0,3473.0,35.6,2.3,14.8,26.8
NFC,HNX,Hóa chất,868.0,37.4,3.0,3.6,,4.2,0.8,0.2,100.0,45.6,0.5,0.0,10.2,3.4,6.6,12.4,Giá cắt lên SMA(5),Giá nằm dưới SMA(20),25.85,13.85,58.96,36.92,24.44,7.63,0.0,3.07,1.64,0.93,46.0,35.0,61.0,99.0,0.01,,55.7,47.7,0.06,60.0,,Trung tính,0.0,0.0,0.0,5427.0,MACD Histogram < 0 và tăng dần,0.0,0.0,0.0,0.0,,Giá nằm dưới SMA(50),,,,,,Trung tính,-6.7,1.27,,0.91,1.27,291.03,1293.21,Có,30.0,16.7,34.5,85.4,25.4,61.8,76.2,273.5,-19.0,-19.0,301.8,1997.3,Giá nằm trên SMA(100),,0.91,8.6,29.4,16.6,10.2,63.1,1.0,-18.0,-27.0,,0.1,28.0,371.0,0.7,24.2,,,,139.71,1062.51,253.0,5427.0,64.6,-5.0,-2.1,14.8
NTH,HNX,"Điện, nước & xăng dầu khí đốt",569.0,34.0,3.2,3.5,3.1,5.0,0.0,-0.1,,15.4,,,9.2,3.1,8.5,8.9,,,-7.08,0.79,-7.07,6.26,59.84,53.91,0.0,0.09,0.04,0.07,98.0,98.0,90.0,62.0,,,,,0.14,87.0,,,2.0,0.0,0.0,5706.0,,,,,,,,,,,,,,,,,,,,,Có,55.0,3.0,8.6,61.6,20.6,30.0,30.2,43.0,,,,,,,,,,,,,1.0,-12.9,-17.4,,0.3,17.0,32.0,4.7,30.7,,,,27.06,200.69,186.0,5706.0,,,,
NTP,HNX,Xây dựng và Vật liệu,10724.0,26.1,2.5,3.0,3.0,4.4,0.0,1.0,29.5,44.0,0.6,2.1,11.6,2.8,10.0,4.9,,Giá nằm dưới SMA(20),9.29,3.89,31.51,4.37,32.04,16.1,0.5,28.2,25.48,31.38,17.0,4.0,33.0,45.0,18.6,Mua < Bán,61.3,32.5,18.12,25.0,Chờ mua,Bán mạnh,-671.0,,1.0,5384.0,MACD Histogram < 0 và giảm dần,0.8,0.8,0.7,0.7,,Giá nằm dưới SMA(50),,,,,,Trung tính,-6.55,-11.03,,-2.23,-11.03,7.65,292.41,Có,55.0,-14.1,-22.7,920.9,18.5,33.8,34.5,94.4,-14.6,-12.4,53.4,3992.5,Giá nằm dưới SMA(100),,-2.23,389.4,354.1,433.9,430.3,73.5,12.0,56.9,51.2,0.2,0.3,321.0,1991.0,1.7,15.0,,,,39.51,76.92,3771.0,5384.0,9.1,-6.2,-6.5,-0.4
PDN,HSX,Hàng & Dịch vụ Công nghiệp,5223.0,34.4,3.0,4.6,3.3,5.0,0.1,0.6,100.0,23.1,14.5,0.3,13.0,4.1,10.8,6.7,Giá cắt lên SMA(5),Giá nằm dưới SMA(20),14.57,12.52,17.88,-3.26,37.53,32.01,0.1,0.16,0.39,0.51,36.0,15.0,36.0,65.0,0.01,,94.5,42.3,0.36,38.0,,Trung tính,0.0,0.0,0.0,7226.0,MACD Histogram < 0 và tăng dần,0.1,0.0,0.0,0.0,,Giá nằm dưới SMA(50),,,,,,Trung tính,-0.53,-2.98,,0.53,-2.98,28.58,365.57,Có,20.5,4.2,12.2,401.5,21.8,13.1,47.0,16.6,-10.4,-10.2,45.3,,Giá nằm trên SMA(100),,0.53,1.0,3.7,3.8,4.0,90.1,5.0,10.6,26.5,0.1,0.6,125.0,392.0,3.6,24.2,,,,21.21,-4.3,1273.0,7226.0,15.8,-2.0,-1.8,4.0
PIC,HNX,"Điện, nước & xăng dầu khí đốt",593.0,12.8,2.9,3.0,3.5,4.8,0.0,0.1,88.4,28.1,16.6,0.1,12.1,1.5,6.1,4.2,,Giá nằm dưới SMA(20),-15.32,3.48,-15.59,11.69,53.8,35.06,0.1,0.14,0.16,0.24,95.0,3.0,75.0,39.0,0.08,,17.6,29.0,0.01,53.0,,Bán mạnh,0.0,,1.0,1465.0,MACD Histogram < 0 và giảm dần,0.6,0.5,0.4,0.3,,Giá nằm dưới SMA(50),,,,,,Vào vùng quá bán,-2.22,-11.11,,-1.12,-11.11,-31.93,145.34,Có,20.0,-0.5,-0.7,48.8,81.9,35.9,954.9,53.4,-31.9,-33.4,9.0,294.4,Giá nằm dưới SMA(100),,-1.12,6.8,8.3,11.2,12.9,83.4,1.0,-19.1,-32.7,,0.1,12.0,33.0,4.2,11.4,,,,93.46,525.42,394.0,1465.0,-10.3,-4.2,-7.5,-14.6
PPH,UPCOM,Hàng cá nhân & Gia dụng,2079.0,22.4,2.5,2.8,3.0,3.4,-0.1,0.7,100.0,55.0,0.8,0.2,5.1,1.1,39.1,8.7,Giá cắt lên SMA(5),Giá nằm dưới SMA(20),27.63,-7.72,20.04,12.21,19.42,16.43,0.6,0.96,0.85,0.85,36.0,26.0,41.0,29.0,0.03,,27.9,45.7,0.02,33.0,Chờ mua,Trung tính,0.0,0.0,0.0,5476.0,MACD Histogram < 0 và tăng dần,0.0,0.0,0.0,0.0,,Giá cắt lên SMA(50),,,,,,Trung tính,-1.9,1.57,,0.2,1.57,0.14,225.53,Có,35.0,-48.6,-27.0,408.9,10.9,21.1,27.6,13.5,-11.2,-9.0,26.3,359.2,Giá nằm trên SMA(100),,0.2,27.8,25.8,29.1,28.0,67.3,3.0,2.9,-10.5,0.7,0.1,100.0,611.0,0.9,11.5,,,,36.53,69.37,1914.0,5476.0,0.5,-1.3,0.0,3.3
PTB,HSX,Tài nguyên Cơ bản,3595.0,14.2,2.4,1.9,3.0,4.0,-0.1,0.5,57.5,60.2,0.9,1.3,8.8,1.2,5.9,3.9,,Giá nằm dưới SMA(20),15.09,3.11,43.03,-9.27,20.53,6.73,0.5,11.45,10.33,8.61,17.0,18.0,29.0,10.0,5.66,Mua < Bán,52.7,39.4,13.58,18.0,Chờ mua,Bán mạnh,-10.0,,1.0,6130.0,MACD Histogram < 0 và giảm dần,0.6,0.6,0.6,0.8,,Giá nằm dưới SMA(50),,,,,,Trung tính,-4.18,-4.53,,-1.86,-4.53,-16.38,97.77,Có,50.0,-20.1,-12.7,410.3,18.4,12.8,16.1,26.7,-20.0,-33.6,21.3,5016.3,Giá nằm trên SMA(100),,-1.86,188.6,176.7,165.4,132.6,4.9,4.0,17.6,13.5,0.4,0.3,128.0,1905.0,0.5,7.6,,,,25.11,7.53,2960.0,6130.0,-6.0,-3.2,-2.1,0.8
PVS,HNX,Dầu khí,17685.0,9.3,2.8,1.5,3.6,4.8,-0.1,1.2,32.3,27.6,2.1,0.8,14.0,1.3,25.1,0.0,,Giá nằm trên SMA(20),22.69,7.2,4.22,0.71,5.97,4.89,0.1,377.21,398.5,352.69,33.0,62.0,76.0,21.0,127.09,Mua < Bán,36.3,55.8,11.37,48.0,Chờ bán,Mua,-3652.0,,1.0,2649.0,MACD Histogram > 0 và giảm dần,0.5,0.3,0.3,0.4,Giá cắt xuống SMA(10),Giá nằm trên SMA(50),,,,,,Trung tính,-4.22,6.14,,-1.89,6.14,-8.22,253.76,Có,50.0,62.3,30.9,1265.9,32.5,62.1,84.6,10.3,-13.4,-19.2,69.6,843.2,Giá nằm trên SMA(100),,-1.89,7483.7,10091.6,9973.6,8727.1,78.6,8.0,22.8,8.8,0.9,0.4,361.0,7383.0,0.6,4.0,,,,37.08,53.73,14004.0,2649.0,11.7,1.9,5.7,17.1
REE,HSX,"Điện, nước & xăng dầu khí đốt",35479.0,12.8,2.8,3.5,4.1,4.8,0.0,0.8,60.5,78.8,1.4,1.2,14.8,1.8,10.6,1.7,,Giá nằm dưới SMA(20),-2.17,11.39,-8.91,-7.05,33.94,24.81,0.4,82.62,84.21,83.04,8.0,11.0,35.0,43.0,32.01,Mua < Bán,65.4,38.2,49.0,24.0,Chờ bán,Bán,-3.0,,5.0,4418.0,MACD Histogram < 0 và giảm dần,0.5,0.4,0.4,0.5,,Giá nằm dưới SMA(50),,,,,,Trung tính,-4.66,-4.53,,-0.15,-4.53,8.46,242.57,Có,35.0,-14.9,-14.3,2393.0,15.2,12.6,76.2,27.2,-8.2,-6.2,31.7,14857.0,Giá nằm trên SMA(100),,-0.15,970.4,1144.5,1163.6,1047.2,57.3,45.0,21.5,2.0,0.4,0.4,623.0,2514.0,4.0,6.7,,,,33.83,5.96,19652.0,4418.0,6.6,-2.9,-3.3,1.8
SHB,HSX,Ngân hàng,84984.0,18.3,3.4,4.0,2.9,1.9,0.3,1.0,47.1,76.7,0.4,1.5,7.8,1.3,,6.3,Giá cắt xuống SMA(5),Giá nằm trên SMA(20),10.52,20.21,27.27,17.48,,35.0,,2316.91,2025.19,1964.09,79.0,97.0,92.0,95.0,1338.09,Mua > Bán,18.0,71.7,5.15,91.0,Chờ bán,Mua,7070.0,,1.0,2379.0,MACD Histogram > 0 và giảm dần,0.8,0.8,0.7,0.9,,Giá nằm trên SMA(50),,,,,,Trung tính,7.61,43.23,,-2.7,43.23,121.05,231.99,Có,70.0,,,10930.3,135.1,3.6,57.8,8.9,-7.5,-4.5,133.2,1562.0,Giá nằm trên SMA(100),,-2.7,95565.8,96014.2,110380.2,84774.7,15.5,,70.3,3.2,0.1,0.2,3607.0,10304.0,,1.5,2.6,3.8,,34.41,187.55,63114.0,2379.0,74.5,11.1,31.5,45.7
SJG,UPCOM,Xây dựng và Vật liệu,9890.0,11.4,2.6,2.3,2.9,3.4,0.1,0.8,100.0,19.7,19.6,0.9,12.7,1.4,11.0,0.0,,Giá nằm trên SMA(20),-0.93,-4.47,42.19,31.26,17.28,14.11,0.7,0.05,0.07,0.09,97.0,82.0,59.0,85.0,0.02,,22.0,63.0,0.0,81.0,,Mua mạnh,0.0,3.0,,1736.0,MACD Histogram > 0 và tăng dần,0.4,0.3,0.2,0.3,,Giá nằm trên SMA(50),,,,,,Trung tính,12.34,19.77,,0.0,19.77,69.59,445.91,Có,0.2,-49.7,-21.7,780.5,20.3,26.0,90.1,1359.4,-28.8,-32.1,68.2,593.5,Giá nằm trên SMA(100),,0.0,2.5,2.8,4.1,2.8,99.8,17.0,40.9,453.1,0.7,0.2,260.0,1841.0,1.6,3.4,,,,78.49,772.92,7139.0,1736.0,17.4,9.1,17.0,19.6
SZG,UPCOM,Bất động sản,2163.0,27.0,2.7,2.7,3.4,5.0,0.1,0.3,,64.7,,,9.3,2.3,4.5,4.6,,,3.42,,-2.57,,61.53,41.74,0.0,0.05,0.04,0.06,97.0,53.0,41.0,66.0,,,,,0.0,64.0,,,0.0,1.0,,4247.0,,,,,,,,,,,,,,,,,,,,,Có,25.0,30.5,15.1,233.2,39.4,16.5,96.5,53.0,,,,,,,,,,,,46.5,2.0,31.5,5.5,,0.2,59.0,141.0,4.4,5.7,,,,52.51,,934.0,4247.0,,,,
TBD,UPCOM,Hàng & Dịch vụ Công nghiệp,3602.0,30.1,2.3,2.1,3.2,3.4,0.2,0.5,,,,,18.7,5.2,14.4,0.0,,,23.68,-1.09,186.58,4.08,17.73,9.68,1.2,0.0,0.0,0.01,61.0,24.0,56.0,74.0,,,,,4.54,54.0,,,0.0,0.0,0.0,5926.0,,,,,,,,,,,,,,,,,,,,,Có,10.0,-22.4,-38.7,192.1,78.3,39.0,171.6,27.2,,,,,,,,,,,,97.5,4.0,93.0,352.9,,0.1,69.0,716.0,1.4,10.5,,,,143.46,51.21,691.0,5926.0,,,,
TCL,HSX,Hàng & Dịch vụ Công nghiệp,1080.0,25.4,3.0,3.0,3.3,4.8,0.0,0.7,54.1,37.8,3.2,0.6,7.2,1.7,6.0,7.2,Giá cắt lên SMA(5),Giá nằm trên SMA(20),6.65,11.38,8.87,7.89,14.96,9.85,0.0,2.68,2.52,2.6,33.0,48.0,32.0,44.0,0.47,Mua < Bán,35.9,61.7,6.12,39.0,,Mua mạnh,50.0,2.0,,5003.0,MACD Histogram > 0 và giảm dần,0.3,0.2,0.2,0.2,,Giá nằm trên SMA(50),,,,,,Trung tính,1.13,3.76,,0.28,3.76,9.37,124.63,Có,50.0,5.1,5.0,150.9,13.4,11.2,1.7,32.3,-14.6,-14.5,14.2,1163.6,Giá nằm trên SMA(100),,0.28,49.2,67.7,69.0,70.0,69.3,1.0,45.6,90.2,0.4,0.6,50.0,508.0,0.6,14.2,,,,12.89,68.53,623.0,5003.0,3.8,2.4,4.2,5.1
TED,UPCOM,Xây dựng và Vật liệu,709.0,31.6,2.8,2.0,,4.4,0.1,0.5,100.0,23.7,201.7,3.5,9.1,2.7,3.8,3.6,,Giá nằm trên SMA(20),-7.96,,-11.0,,22.54,3.0,0.0,0.1,0.08,0.07,80.0,89.0,47.0,60.0,0.07,,57.0,55.2,35.25,69.0,,Mua,0.0,1.0,,6249.0,MACD Histogram < 0 và tăng dần,0.8,1.0,1.4,1.5,,Giá nằm trên SMA(50),,,,,,Trung tính,0.0,9.93,,0.46,9.93,10.28,,Có,30.0,36.5,18.7,78.1,122.0,9.8,155.3,28.1,-21.3,-21.3,35.1,209.8,Giá nằm trên SMA(100),,0.46,1.6,1.3,0.9,0.9,65.1,1.0,-7.0,-55.0,,0.3,13.0,432.0,0.4,5.9,,,,26.89,,265.0,6249.0,6.3,2.8,7.8,7.9
TFC,HNX,Thực phẩm và đồ uống,1111.0,52.6,2.8,4.2,,4.2,0.5,0.9,100.0,11.7,3.9,0.1,5.8,2.4,6.4,0.0,Giá cắt lên SMA(5),Giá nằm dưới SMA(20),15.57,10.91,208.77,47.78,27.75,13.46,0.7,0.42,0.36,0.34,68.0,2.0,2.0,97.0,0.02,,67.9,39.1,33.59,42.0,,Trung tính,-1.0,,1.0,11421.0,MACD Histogram < 0 và tăng dần,0.0,0.1,0.1,0.1,,Giá nằm dưới SMA(50),,,,,,Trung tính,-1.74,-11.13,,2.88,-11.13,160.13,1588.62,Có,25.0,-16.2,-18.4,192.2,19.5,127.1,13.4,1072.6,-21.9,-20.5,213.3,2360.6,Giá nằm dưới SMA(100),,2.88,6.3,4.9,4.9,5.2,,1.0,8.0,-21.0,,0.0,31.0,230.0,1.0,22.8,,,,118.03,531.36,454.0,11421.0,5.1,-4.8,-9.5,-9.0
THG,HSX,Xây dựng và Vật liệu,1647.0,26.1,2.6,2.5,3.2,4.0,0.1,0.9,56.4,71.6,0.5,1.5,9.2,2.3,6.6,7.5,,Giá nằm dưới SMA(20),11.82,7.59,21.56,-7.36,20.96,6.52,0.7,2.79,3.43,4.67,28.0,4.0,59.0,79.0,0.95,Mua < Bán,52.9,39.2,1.48,42.0,,Bán,7.0,,1.0,5720.0,MACD Histogram < 0 và tăng dần,0.5,0.4,0.2,0.3,,Giá nằm dưới SMA(50),,,,,,Trung tính,-1.49,-9.11,,0.0,-9.11,56.13,198.02,Có,65.0,-16.0,-12.3,178.1,66.1,58.3,127.2,76.6,-11.2,-9.6,62.2,9461.0,Giá nằm trên SMA(100),,0.0,37.0,49.9,87.6,71.4,10.4,2.0,21.5,31.3,0.2,0.1,41.0,625.0,0.7,8.9,,,,88.32,-24.9,728.0,5720.0,15.5,-2.7,-4.4,4.1
TNG,HNX,Hàng cá nhân & Gia dụng,2587.0,19.1,2.4,2.5,3.0,2.4,-0.2,1.4,32.0,48.4,2.0,1.4,7.4,1.4,9.4,8.4,,Giá nằm dưới SMA(20),7.9,10.67,44.66,0.68,14.64,4.75,2.0,47.3,56.67,50.14,26.0,34.0,66.0,6.0,19.32,Mua < Bán,20.6,45.2,16.7,33.0,Chờ bán,Bán mạnh,-52.0,,1.0,2841.0,MACD Histogram < 0 và giảm dần,0.6,0.4,0.4,0.4,,Giá cắt xuống SMA(50),,,,,,Trung tính,-6.36,-2.37,,-2.37,-2.37,-20.27,216.29,Có,65.0,-139.9,-53.2,348.3,16.3,11.6,36.4,3.4,-23.3,-24.8,63.1,3081.4,Giá nằm trên SMA(100),,-2.37,1637.5,2479.1,2318.0,2155.5,25.2,6.0,67.3,177.1,0.6,0.2,120.0,2528.0,0.3,5.5,,,"{'vi': 'Giá cắt xuống SMA(200)', 'en': 'Price cross below SMA(200)'}",36.1,47.95,1837.0,2841.0,-1.6,-3.0,-0.4,8.3
TPP,HNX,Hàng & Dịch vụ Công nghiệp,544.0,10.9,2.5,3.0,3.1,2.0,0.0,0.5,100.0,24.6,14.7,,9.0,0.9,7.4,0.0,Giá cắt xuống SMA(5),Giá cắt xuống SMA(20),26.62,28.53,108.14,55.83,14.55,2.9,3.1,0.02,0.02,0.06,,,,,0.0,,11.4,49.0,0.18,,,Bán,3.0,0.0,0.0,1345.0,MACD Histogram < 0 và giảm dần,0.1,0.1,0.0,0.0,Giá cắt xuống SMA(10),Giá nằm trên SMA(50),,,,Tín hiệu bán,Tín hiệu bán,Trung tính,-1.72,16.33,,-5.79,16.33,12.87,8.42,Có,50.0,-250.9,-51.2,60.5,4.5,8.2,181.1,86.4,-8.8,-33.3,23.9,1077.8,Giá nằm trên SMA(100),,-5.79,1.5,1.3,5.7,2.4,51.0,2.0,14.1,303.6,,0.1,25.0,859.0,0.2,2.5,,,,111.37,553.16,587.0,1345.0,7.5,-2.8,4.8,7.6
TRC,HSX,Hóa chất,2030.0,16.2,3.2,4.3,3.1,5.0,0.1,1.0,39.6,63.0,0.1,0.7,6.8,1.0,5.1,4.8,,Giá nằm trên SMA(20),32.25,17.39,227.39,21.56,31.28,26.4,0.0,15.85,12.67,16.37,85.0,43.0,44.0,92.0,5.2,Mua < Bán,69.3,59.3,2.91,66.0,Chờ mua,Mua mạnh,187.0,2.0,,10244.0,MACD Histogram > 0 và tăng dần,0.4,0.4,0.3,0.3,,Giá nằm trên SMA(50),,,,,,Trung tính,2.36,1.47,,-0.57,1.47,91.16,156.0,Có,35.0,14.3,12.8,298.4,46.0,55.4,172.2,357.7,-18.7,-17.7,93.4,923.0,Giá nằm trên SMA(100),,-0.57,210.0,182.8,225.7,218.3,70.9,2.0,-41.6,-50.5,0.5,0.0,35.0,132.0,2.3,13.9,,,,229.9,244.99,1986.0,10244.0,10.6,3.2,4.9,6.2
TTD,UPCOM,Y tế,1176.0,30.9,2.7,3.0,3.6,4.2,0.2,-0.2,,98.6,,,12.3,3.6,9.3,4.9,,,5.0,3.33,1.45,1.83,23.06,13.04,0.0,0.0,0.0,0.0,61.0,49.0,43.0,49.0,,,,,0.41,50.0,,,0.0,0.0,0.0,6154.0,,,,,,,,,,,,,,,,,,,,,Có,75.0,8.6,23.6,95.7,16.4,1.3,43.5,19.7,,,,,,,,,,,,7.8,1.0,22.5,73.3,,0.4,29.0,220.0,1.4,24.2,,,,28.92,48.51,327.0,6154.0,,,,
TTN,UPCOM,Viễn thông,637.0,14.4,2.6,3.1,3.2,4.2,0.0,1.2,52.9,57.2,2.0,1.1,9.6,1.4,5.4,4.1,,Giá nằm dưới SMA(20),-0.71,7.33,84.35,-3.49,35.37,20.02,0.0,4.77,4.18,4.64,16.0,8.0,7.0,96.0,1.64,,17.2,38.1,0.29,32.0,,Bán mạnh,17.0,,3.0,1799.0,MACD Histogram < 0 và giảm dần,0.4,0.4,0.4,0.4,,Giá nằm dưới SMA(50),,,,,,Trung tính,-5.83,-11.24,,-0.79,-11.24,12.29,299.23,Có,50.0,9.7,10.3,66.1,11.1,11.7,5.1,30.8,-32.5,-31.1,48.4,751.0,Giá nằm trên SMA(100),,-0.79,212.1,213.2,245.2,261.2,65.8,1.0,30.2,13.1,,0.4,19.0,97.0,1.7,11.5,,,,22.01,108.49,470.0,1799.0,-5.5,-3.9,-4.0,1.2
TV1,UPCOM,Hàng & Dịch vụ Công nghiệp,664.0,32.0,3.1,3.6,3.2,3.8,0.0,0.7,41.7,40.2,0.4,1.5,5.4,1.6,3.9,0.0,,Giá nằm dưới SMA(20),5.82,0.13,27.26,181.27,36.29,24.8,0.5,1.77,1.72,2.2,64.0,76.0,76.0,70.0,1.25,,24.5,42.2,1.0,72.0,,Bán,65.0,1.0,,4636.0,MACD Histogram < 0 và giảm dần,1.1,0.8,0.6,0.8,,Giá nằm dưới SMA(50),,,,,,Trung tính,-3.19,-0.1,,-1.44,-0.1,8.8,150.33,Có,35.0,-29.7,-20.2,123.8,19.4,44.2,96.1,111.3,-17.5,-14.6,28.3,883.0,Giá nằm trên SMA(100),,-1.44,45.9,61.4,89.3,63.1,54.3,1.0,14.5,4.6,,0.1,32.0,129.0,1.1,12.3,,,,66.0,,426.0,4636.0,1.8,-3.0,-2.7,0.0
TYA,HSX,Hàng & Dịch vụ Công nghiệp,531.0,18.3,2.6,1.8,3.5,3.0,0.1,0.8,8.1,51.9,1.1,0.6,5.3,0.9,8.6,6.4,Giá cắt lên SMA(5),Giá nằm trên SMA(20),26.78,-0.23,7969.58,-2.7,11.08,5.76,1.7,0.36,0.46,0.62,69.0,80.0,70.0,53.0,0.06,Mua > Bán,17.35,63.6,37.16,68.0,,Mua,-81.0,0.0,0.0,3241.0,MACD Histogram < 0 và giảm dần,0.3,0.2,0.1,0.1,,Giá nằm trên SMA(50),,,,,,Trung tính,-0.86,18.03,,0.29,18.03,42.28,73.47,Có,12.0,-142.0,-45.5,99.4,27.2,34.2,83.2,38.7,-4.7,-24.3,51.1,1709.8,Giá nằm trên SMA(100),,0.29,13.8,22.4,36.6,25.4,83.5,1.0,24.5,70.5,,0.0,35.0,614.0,0.3,7.2,,,,154.51,39.87,579.0,3241.0,20.2,0.8,11.0,17.8
VAB,HSX,Ngân hàng,11185.0,11.1,3.1,3.4,3.0,3.4,0.3,1.1,30.1,70.6,0.0,0.7,11.3,1.2,,0.0,,Giá nằm trên SMA(20),5.93,16.45,16.52,17.9,,45.81,,69.61,67.57,58.51,27.0,82.0,96.0,95.0,20.23,Mua > Bán,13.55,71.9,0.16,73.0,,Mua,-527.0,,2.0,1211.0,MACD Histogram > 0 và giảm dần,0.5,0.4,0.4,0.7,,Giá nằm trên SMA(50),,,,,,Trung tính,2.95,,,-1.09,,123.29,,Có,90.0,,,988.3,3.9,3.5,12.6,44.5,-9.1,-4.6,38.0,265.9,Giá nằm trên SMA(100),,-1.09,3039.1,3826.4,3368.8,2127.0,14.9,,-8.7,-4.9,0.0,0.4,279.0,608.0,,0.8,1.1,2.2,,26.66,119.68,9421.0,1211.0,78.3,12.3,28.5,50.9
VAF,HSX,Hóa chất,702.0,21.2,3.3,3.0,3.5,5.0,0.1,0.5,,45.1,,,6.4,1.3,2.6,7.5,,,21.83,9.02,-3.64,38.47,23.55,11.68,0.0,0.09,0.07,0.15,80.0,50.0,46.0,86.0,,,,,0.02,66.0,,,3.0,,1.0,2920.0,,,,,,,,,,,,,,,,,,,,,Có,8.0,52.8,39.8,110.0,5.7,41.5,298.8,123.4,,,,,,,,,,,,91.5,0.0,-49.2,19.2,,0.1,40.0,347.0,0.5,13.7,,,,85.37,762.62,552.0,2920.0,,,,
VGT,UPCOM,Hàng cá nhân & Gia dụng,6414.0,9.0,2.4,1.7,3.4,3.4,-0.2,1.5,24.2,24.0,0.4,1.8,10.6,0.9,9.9,0.0,,Giá nằm dưới SMA(20),5.22,-1.81,95.97,-8.99,14.77,3.35,0.7,29.25,32.98,32.93,15.0,53.0,66.0,7.0,16.73,,12.5,46.0,14.05,35.0,Chờ bán,Bán,19.0,,4.0,1206.0,MACD Histogram < 0 và giảm dần,0.9,0.6,0.5,0.6,,Giá nằm trên SMA(50),,,,,,Trung tính,-5.01,1.87,,-2.55,1.87,-18.35,99.93,Có,35.0,-89.5,-28.8,603.0,11.3,7.9,2389.7,372.1,-20.4,-54.1,73.6,143.3,Giá nằm trên SMA(100),,-2.55,1497.3,2329.3,2571.5,2102.2,70.7,15.0,4.3,-13.5,0.3,0.0,149.0,4450.0,0.4,3.1,,,"{'vi': 'Giá cắt xuống SMA(200)', 'en': 'Price cross below SMA(200)'}",539.53,40.03,6946.0,1206.0,-1.5,-2.8,0.6,8.8
VPB,HSX,Ngân hàng,271340.0,12.4,3.2,3.7,3.5,1.4,0.1,1.1,37.9,58.2,2.5,1.4,15.6,1.8,,2.7,,Giá nằm trên SMA(20),25.16,11.36,58.2,1.37,,29.86,,1531.43,1353.66,1416.24,96.0,98.0,98.0,91.0,1152.67,Mua < Bán,34.15,88.1,25.84,96.0,Chờ bán,Mua mạnh,53252.0,4.0,,2193.0,MACD Histogram > 0 và tăng dần,0.8,0.8,0.7,0.8,,Giá nằm trên SMA(50),,,,,,Trung tính,15.37,59.95,,-0.15,59.95,90.13,388.96,Có,55.0,,,17402.6,2.5,16.1,36.3,9.2,-0.1,-0.1,131.5,517.3,Giá nằm trên SMA(100),Tăng nóng vào phiên hôm trước,-0.15,40622.0,42349.9,49284.1,42270.8,26.6,,6.2,24.8,0.4,0.3,4862.0,16535.0,,1.8,4.0,5.4,,50.17,46.34,146697.0,2193.0,76.2,21.6,48.6,69.5
VPG,HSX,Tài nguyên Cơ bản,832.0,9.0,2.1,2.6,2.9,2.0,-0.3,1.2,50.5,79.3,0.4,1.0,6.0,0.5,16.4,0.0,,Giá nằm trên SMA(20),156.51,47.88,407.52,5.58,2.98,0.55,2.9,8.97,14.76,13.65,16.0,78.0,1.0,3.0,3.11,Mua < Bán,9.19,52.2,0.66,24.0,,Trung tính,-2.0,1.0,,1558.0,MACD Histogram < 0 và giảm dần,0.5,0.2,0.2,0.3,,Giá nằm trên SMA(50),,,,,,Trung tính,-5.26,13.88,,-2.34,13.88,-27.92,35.08,Có,70.0,-528.6,-58.3,137.8,32.9,42.5,1061.1,958.9,-35.3,-82.3,24.2,155.6,Giá nằm dưới SMA(100),,-2.34,734.7,1430.8,1515.0,1171.0,,5.0,-5.5,25.8,0.9,0.0,24.0,4370.0,0.0,1.9,,,,,248.86,1605.0,1558.0,-15.9,0.2,8.0,-6.1
VSH,HSX,"Điện, nước & xăng dầu khí đốt",11328.0,16.9,2.7,4.0,3.0,4.6,0.0,0.1,3.9,68.1,4.0,2.7,13.6,2.2,8.2,4.2,Giá cắt xuống SMA(5),Giá nằm dưới SMA(20),-29.04,35.45,-54.9,23.04,50.11,33.15,0.6,0.29,0.41,0.56,61.0,24.0,6.0,31.0,0.28,Mua < Bán,46.9,45.0,11.06,30.0,Chờ mua,Bán,-72.0,0.0,0.0,3449.0,MACD Histogram > 0 và tăng dần,1.3,0.8,0.5,0.1,,Giá nằm dưới SMA(50),,,,,,Trung tính,0.21,-1.64,,-0.1,-1.64,-2.21,269.18,Có,20.0,-23.3,-30.8,814.7,21.6,78.7,147.6,15077.8,-11.8,-10.4,7.4,2066.5,Giá nằm dưới SMA(100),,-0.1,4.9,7.5,11.2,52.2,93.0,14.0,-19.7,-38.1,0.5,0.1,166.0,502.0,5.1,9.3,,,,151.09,1744.75,4995.0,3449.0,-4.0,-0.5,-1.0,-3.8
VVS,UPCOM,Ô tô và phụ tùng,785.0,35.1,3.0,1.7,,3.8,0.5,0.2,31.4,18.9,1.4,0.2,6.1,1.8,6.5,6.4,,Giá nằm trên SMA(20),71.79,,296.23,,6.0,2.65,0.9,3.45,3.32,3.36,92.0,99.0,97.0,95.0,0.19,,36.0,62.1,0.01,96.0,,Trung tính,0.0,1.0,,6019.0,MACD Histogram < 0 và giảm dần,0.1,0.1,0.1,0.1,,Giá nằm trên SMA(50),,,,,,Trung tính,-3.85,77.54,,-1.29,77.54,119.7,,Có,40.0,-29.8,-6.0,129.6,98.4,41.7,375.0,210.0,-8.9,-7.0,164.9,164.9,Giá nằm trên SMA(100),,-1.29,78.0,81.7,80.4,45.7,8.4,1.0,82.9,111.3,,0.0,55.0,2078.0,0.1,4.0,,,,347.24,,434.0,6019.0,88.9,5.1,39.2,62.5
