ticker,exchange,industry,market_cap,roe,stock_rating,business_operation,business_model,financial_health,alpha,beta,active_buy_pct,strong_buy_pct,high_vol_match,forecast_vol_ratio,pe,pb,ev_ebitda,dividend_yield,price_vs_sma5,price_vs_sma20,revenue_growth_1y,revenue_growth_5y,eps_growth_1y,eps_growth_5y,gross_margin,net_margin,doe,avg_trading_value_5d,avg_trading_value_10d,avg_trading_value_20d,relative_strength_3d,rel_strength_1m,rel_strength_3m,rel_strength_1y,total_trading_value,foreign_transaction,price_near_realtime,rsi14,foreign_vol_pct,tc_rs,tcbs_recommend,tcbs_buy_sell_signal,foreign_buysell_20s,num_increase_continuous_day,num_decrease_continuous_day,eps,macd_histogram,vol_vs_sma5,vol_vs_sma10,vol_vs_sma20,vol_vs_sma50,price_vs_sma10,price_vs_sma50,price_break_out52_week,sar_vs_macd_hist,bolling_band_signal,dmi_signal,rsi14_status,price_growth_1w,price_growth_1m,breakout,prev_1d_growth_pct,prev_1m_growth_pct,prev_1y_growth_pct,prev_5y_growth_pct,has_financial_report,free_transfer_rate,net_cash_per_market_cap,net_cash_per_total_assets,profit_last_4q,last_quarter_revenue_growth,second_quarter_revenue_growth,last_quarter_profit_growth,second_quarter_profit_growth,pct_1y_from_peak,pct_away_from_hist_peak,pct_1y_from_bottom,pct_off_hist_bottom,price_vs_sma100,heating_up,price_growth1_day,vsma5,vsma10,vsma20,vsma50,corporate_percentage,ev,quarter_revenue_growth,quarter_income_growth,peg_forward,peg_trailing,quarterly_income,quarterly_revenue,ps,roa,npl,nim,price_vs_sma200,eps_ttm_growth1_year,eps_ttm_growth5_year,equity_mi,eps_recently,percent_price_vs_ma200,percent_price_vs_ma20,percent_price_vs_ma50,percent_price_vs_ma100
ABB,UPCOM,Ngân hàng,13437.0,10.1,2.7,1.9,3.0,2.2,0.2,0.8,39.7,32.8,0.1,0.5,9.2,0.9,,0.0,,Giá nằm trên SMA(20),4.27,4.43,29.12,-17.27,,42.32,,156.32,148.33,141.9,18.0,96.0,95.0,85.0,34.16,Mua < Bán,12.9,66.5,16.49,74.0,,Trung tính,838.0,,2.0,1406.0,MACD Histogram < 0 và giảm dần,0.3,0.3,0.2,0.4,,Giá nằm trên SMA(50),,,,,Trung tính,0.54,42.16,,-0.63,42.16,67.36,,Có,50.0,,,1455.3,72.0,48.8,277.8,116.3,-7.2,-21.6,111.5,129.7,Giá nằm trên SMA(100),,-0.63,10023.9,9692.0,11810.0,6589.0,34.2,,81.3,201.5,0.3,0.0,1002.0,2369.0,,0.8,2.7,1.9,,338.8,37.74,15327.0,1406.0,57.6,4.6,27.8,45.7
AME,HNX,Hàng & Dịch vụ Công nghiệp,587.0,4.0,2.2,2.4,3.5,2.2,0.2,0.7,,2.3,3152.0,37.1,17.9,0.7,12.9,0.0,,Giá nằm trên SMA(20),52.18,27.28,7.09,-14.33,5.97,1.29,1.6,0.0,0.0,0.01,27.0,26.0,10.0,50.0,0.02,Mua > Bán,9.0,68.2,2.28,28.0,,Mua,0.0,1.0,,503.0,MACD Histogram < 0 và tăng dần,14.1,3.5,1.6,0.8,,Giá nằm trên SMA(50),,,,,Trung tính,-1.1,12.5,,0.0,12.5,50.0,20.0,Có,15.0,-241.7,-41.7,32.8,18.1,133.1,135.1,48.4,-3.2,-55.5,109.3,643.7,Giá nằm trên SMA(100),,0.0,0.1,0.6,1.3,2.6,99.5,2.0,12.6,1090.4,,0.3,16.0,1266.0,0.1,1.1,,,,52.89,67.46,827.0,503.0,66.8,7.2,30.2,51.3
AVC,UPCOM,"Điện, nước & xăng dầu khí đốt",4109.0,32.6,2.8,4.5,3.0,4.2,0.0,0.3,,51.1,,,11.6,3.5,7.7,0.9,,,7.98,19.99,-14.22,58.28,44.01,31.03,0.0,0.03,0.1,0.09,49.0,11.0,18.0,35.0,,,,,0.0,28.0,,,0.0,1.0,,4734.0,,,,,,,,,,,,,,,,,,,,Có,10.0,1.5,5.1,355.3,3.4,42.0,231.9,79.4,,,,,,,,,,,,87.5,4.0,11.7,-24.2,0.0,0.1,45.0,146.0,5.2,27.3,,,,119.66,6396.03,1182.0,4734.0,,,,
BAB,HNX,Ngân hàng,15807.0,9.5,3.4,2.2,3.0,4.1,0.1,1.1,20.1,45.8,2.1,1.5,14.2,1.3,,0.0,Giá cắt xuống SMA(5),Giá nằm trên SMA(20),20.18,10.8,18.36,-0.72,,24.55,,1.22,0.88,0.65,92.0,84.0,79.0,71.0,0.6,Mua > Bán,14.8,66.1,0.0,82.0,,Mua,4.0,,1.0,1057.0,MACD Histogram > 0 và giảm dần,0.6,0.8,0.9,1.4,,Giá nằm trên SMA(50),,,,,Trung tính,4.23,20.33,,-1.33,20.33,35.29,18.36,Có,75.0,,,1114.1,17.2,14.1,49.4,8.2,-9.2,-41.6,53.6,52.1,Giá nằm trên SMA(100),,-1.33,69.6,53.6,47.3,29.0,,,3.6,-17.0,0.4,0.6,243.0,991.0,,0.7,1.3,2.0,,22.74,25.45,12204.0,1057.0,28.4,6.2,17.2,25.0
BMP,HSX,Xây dựng và Vật liệu,11125.0,41.7,3.0,4.2,3.9,5.0,0.0,0.6,34.1,51.3,0.1,1.0,9.8,4.0,6.6,9.6,,Giá nằm dưới SMA(20),-10.5,1.25,-4.83,18.57,46.69,25.22,0.0,32.28,24.23,22.14,22.0,14.0,11.0,77.0,9.44,Mua < Bán,135.1,32.0,85.1,31.0,Chờ mua,Bán mạnh,-741.0,1.0,,13894.0,MACD Histogram < 0 và giảm dần,0.4,0.4,0.5,0.5,,Giá nằm dưới SMA(50),,,,,Trung tính,-3.98,-5.26,,-0.59,-5.26,45.32,303.89,Có,45.0,5.3,16.6,1137.4,13.4,37.9,17.7,51.1,-10.5,-7.5,45.8,9088.1,Giá nằm dưới SMA(100),,-0.59,192.9,157.9,145.8,152.5,76.5,11.0,-5.4,15.0,0.4,0.5,330.0,1308.0,2.2,34.4,,,,21.54,140.37,2798.0,13894.0,6.0,-4.1,-3.8,-0.6
BSA,UPCOM,"Điện, nước & xăng dầu khí đốt",1551.0,12.8,2.6,2.3,3.0,4.6,0.0,0.3,,73.9,,,13.0,1.6,6.7,0.0,,,-13.95,-1.46,-27.51,-10.83,35.16,66.68,0.2,0.25,0.15,0.35,71.0,42.0,31.0,43.0,,,,,0.0,47.0,,,0.0,0.0,0.0,1781.0,,,,,,,,,,,,,,,,,,,,Có,15.0,-12.3,-16.2,119.0,57.0,47.5,1422.5,1904.9,,,,,,,,,,,,76.0,2.0,28.3,380.8,0.2,0.1,43.0,64.0,4.6,9.7,,,,195.05,97.99,956.0,1781.0,,,,
BVL,UPCOM,Bất động sản,1807.0,23.6,3.2,2.6,,4.8,0.4,0.5,10.1,43.8,5.8,1.0,6.9,1.5,7.0,0.0,,Giá nằm trên SMA(20),-22.37,20.69,-78.12,,41.76,22.01,0.4,0.66,0.64,0.88,62.0,96.0,95.0,93.0,0.18,,20.2,64.8,0.0,86.0,,Mua,0.0,1.0,,2936.0,MACD Histogram < 0 và giảm dần,0.4,0.3,0.2,0.3,,Giá nằm trên SMA(50),,,,,Trung tính,2.75,37.02,,-0.02,37.02,96.55,,Có,35.0,-24.4,-16.3,262.5,59.2,444.7,1464.0,37553.8,-5.2,-52.5,172.7,196.7,Giá nằm trên SMA(100),,-0.02,25.1,29.5,38.1,25.5,68.8,3.0,-4.3,-23.8,,0.0,113.0,514.0,1.3,11.9,,,,539.64,,1245.0,2936.0,75.8,5.6,24.2,46.2
CHP,HSX,"Điện, nước & xăng dầu khí đốt",5010.0,23.1,2.7,3.2,3.0,4.8,0.0,0.5,62.2,53.3,9.7,0.7,10.7,2.4,9.8,6.7,Giá cắt xuống SMA(5),Giá nằm dưới SMA(20),-7.62,2.67,-6.88,7.75,54.45,44.27,0.2,3.05,2.34,2.11,64.0,16.0,22.0,41.0,0.8,Mua < Bán,34.0,38.4,3.42,36.0,,Bán,-698.0,0.0,0.0,3179.0,MACD Histogram < 0 và tăng dần,0.3,0.4,0.4,0.7,Giá cắt xuống SMA(10),Giá nằm dưới SMA(50),,,,,Trung tính,-0.29,-3.27,,-0.29,-3.27,6.54,164.29,Có,30.0,-3.9,-7.4,467.1,59.7,68.4,159.8,286.4,-13.1,-11.2,17.2,951.2,Giá nằm dưới SMA(100),,-0.29,84.9,63.9,61.2,34.4,70.2,5.0,1.1,-12.6,0.6,0.1,105.0,237.0,5.0,17.3,,,,71.53,213.65,2051.0,3179.0,0.9,-0.8,-1.5,-0.5
CTG,HSX,Ngân hàng,260445.0,20.2,3.2,3.6,4.8,3.6,0.0,1.1,61.2,84.6,1.8,1.3,8.6,1.6,,0.0,,Giá nằm trên SMA(20),16.1,15.12,27.36,19.11,,46.62,,772.81,688.96,590.41,25.0,63.0,67.0,79.0,316.57,Mua < Bán,49.05,64.3,26.84,58.0,Chờ bán,Mua,-22043.0,,2.0,5608.0,MACD Histogram > 0 và giảm dần,0.5,0.5,0.5,0.7,,Giá nằm trên SMA(50),,,,,Trung tính,3.26,8.88,,1.13,8.88,50.92,216.85,Có,15.0,,,30112.9,6.5,7.3,80.2,9.3,-4.0,-2.3,51.6,805.7,Giá nằm trên SMA(100),,1.13,12949.6,11909.2,12663.9,9703.9,86.6,,2.3,78.4,0.4,0.2,9670.0,20917.0,,1.3,1.3,2.7,,48.29,141.64,162724.0,5608.0,23.4,4.4,10.7,18.6
CTI,HSX,Xây dựng và Vật liệu,1720.0,10.1,2.4,2.4,3.1,2.0,0.2,0.9,56.0,40.4,3.4,0.5,12.1,1.1,8.1,0.0,Giá cắt lên SMA(5),Giá nằm trên SMA(20),36.49,6.89,29.49,1.39,39.59,15.19,1.2,67.92,66.56,72.42,48.0,66.0,76.0,86.0,17.83,Mua > Bán,27.55,62.1,2.31,69.0,,Mua,445.0,1.0,,2263.0,MACD Histogram < 0 và giảm dần,0.3,0.3,0.2,0.3,,Giá nằm trên SMA(50),,,,,Trung tính,1.29,8.25,,0.92,8.25,73.82,136.14,Có,95.0,-118.6,-42.6,142.6,36.9,9.8,163.6,36.9,-4.8,-10.6,86.2,809.3,Giá nằm trên SMA(100),,0.92,1919.8,2108.8,2683.7,2464.3,18.3,4.0,24.3,38.2,0.5,0.1,53.0,351.0,1.4,3.1,,,,90.77,20.52,1573.0,2263.0,31.0,3.8,9.0,21.2
DBC,HSX,Thực phẩm và đồ uống,11334.0,25.1,2.8,3.0,3.8,3.6,0.0,1.2,36.4,23.3,0.3,0.8,7.2,1.5,6.3,0.0,,Giá nằm dưới SMA(20),22.17,13.56,2975.45,-5.47,21.6,13.27,0.7,363.91,388.94,433.39,8.0,29.0,61.0,63.0,119.43,Mua < Bán,29.7,48.6,4.35,40.0,Chờ bán,Trung tính,-4019.0,,2.0,4070.0,MACD Histogram < 0 và giảm dần,0.4,0.4,0.3,0.4,,Giá nằm trên SMA(50),,,,,Trung tính,-4.19,1.35,,0.85,1.35,24.65,109.63,Có,65.0,-40.4,-31.4,1566.3,20.0,11.0,248.6,600.0,-8.2,-5.0,55.6,2597.1,Giá nằm trên SMA(100),,0.85,9858.1,10602.8,12388.7,11357.6,27.8,16.0,5.8,-0.3,0.1,0.0,507.0,3820.0,0.8,11.2,,,,560.99,-4.16,7576.0,4070.0,17.1,-1.7,1.8,11.6
DDV,UPCOM,Hóa chất,4828.0,19.6,3.0,3.0,3.8,5.0,0.3,1.1,30.5,52.6,4.2,0.7,13.7,2.5,9.1,4.7,,Giá nằm trên SMA(20),5.79,15.38,144.05,97.14,14.86,9.55,0.0,59.32,63.78,65.71,10.0,66.0,86.0,90.0,15.76,Mua > Bán,33.0,56.8,4.85,63.0,Chờ mua,Trung tính,947.0,1.0,,2413.0,MACD Histogram < 0 và giảm dần,0.3,0.3,0.2,0.2,,Giá nằm trên SMA(50),,,,,Trung tính,-4.96,10.0,,-0.14,10.0,85.55,592.58,Có,40.0,3.7,6.7,352.6,71.0,48.7,138.8,361.8,-6.5,-5.0,170.5,882.8,Giá nằm trên SMA(100),,-0.14,1557.8,1574.7,1949.4,2063.5,70.1,5.0,38.4,25.6,0.1,0.1,153.0,1601.0,1.1,14.5,,,,120.89,,1903.0,2413.0,51.6,1.1,10.6,30.0
DRI,UPCOM,Hóa chất,919.0,27.4,3.0,3.6,3.2,4.4,-0.1,1.4,30.7,20.7,0.2,1.2,5.9,1.4,3.7,7.4,,Giá nằm dưới SMA(20),6.21,-2.67,47.98,21.71,34.11,18.55,0.1,14.83,17.32,19.43,25.0,18.0,47.0,68.0,5.01,,12.5,41.7,0.85,40.0,,Bán,90.0,0.0,0.0,2122.0,MACD Histogram < 0 và giảm dần,0.4,0.3,0.3,0.3,,Giá nằm dưới SMA(50),,,,,Trung tính,-4.14,-4.86,,-0.44,-4.86,35.5,321.91,Có,35.0,8.5,9.5,155.3,81.4,74.2,122.1,167.2,-23.7,-27.8,60.0,414.1,Giá nằm trên SMA(100),,-0.44,962.9,1185.4,1406.7,1339.3,46.4,1.0,-44.7,-62.4,0.5,0.1,21.0,113.0,1.5,21.7,,,,113.46,1567.58,648.0,2122.0,0.9,-3.4,-1.3,4.4
DTD,HNX,Bất động sản,1514.0,19.8,3.2,3.7,3.6,4.8,-0.2,1.6,50.1,33.8,0.6,1.4,6.7,1.2,3.1,0.0,,Giá nằm trên SMA(20),-36.99,19.63,-44.56,-6.54,67.23,35.36,0.0,32.18,35.65,29.55,62.0,83.0,85.0,29.0,19.15,Mua < Bán,23.0,69.4,1.58,65.0,,Mua mạnh,810.0,1.0,,3364.0,MACD Histogram > 0 và giảm dần,0.8,0.6,0.6,0.9,,Giá nằm trên SMA(50),,,,,Trung tính,0.0,22.34,,1.32,22.34,1.06,174.53,Có,55.0,13.8,8.5,224.3,333.1,8.6,628.5,32.8,-6.4,-22.6,97.6,547.3,Giá nằm trên SMA(100),,1.32,1072.5,1342.2,1427.0,913.0,5.8,2.0,31.5,49.4,0.1,0.1,102.0,288.0,2.1,9.6,,,,101.21,85.42,1246.0,3364.0,18.9,10.7,23.2,34.4
DTK,HNX,"Điện, nước & xăng dầu khí đốt",8466.0,9.1,2.5,1.6,3.1,4.0,0.1,-0.1,100.0,40.5,99.1,0.6,11.0,1.0,5.4,3.8,Giá cắt lên SMA(5),Giá nằm dưới SMA(20),8.53,0.4,27.81,4.16,13.17,8.42,0.4,0.03,0.06,0.06,42.0,26.0,26.0,29.0,0.01,,12.6,50.6,0.01,31.0,,Mua,0.0,0.0,0.0,1131.0,MACD Histogram < 0 và tăng dần,0.5,0.4,0.2,0.4,Giá cắt lên SMA(10),Giá cắt lên SMA(50),,,,,Trung tính,0.8,1.61,,1.61,1.61,0.84,101.95,Có,0.7,-34.4,-19.0,772.0,2.9,16.5,21.4,10.5,-11.4,-19.1,20.3,154.7,Giá nằm trên SMA(100),,1.61,2.4,2.7,4.5,2.8,99.3,11.0,3.0,28.7,0.4,0.3,323.0,3832.0,0.6,4.8,,,,39.9,76.15,8673.0,1131.0,1.8,-0.2,0.7,0.4
FOX,UPCOM,Viễn thông,50598.0,32.9,2.6,3.9,3.0,4.0,0.0,0.7,53.4,62.0,1.2,0.6,16.5,5.3,12.1,8.2,,Giá nằm dưới SMA(20),11.42,11.11,17.64,-1.61,50.43,18.51,0.9,18.71,15.76,15.82,6.0,5.0,46.0,53.0,4.6,,68.1,41.7,0.0,28.0,Chờ mua,Bán,0.0,,5.0,4151.0,MACD Histogram < 0 và giảm dần,0.4,0.3,0.3,0.4,,Giá nằm trên SMA(50),,,,,Trung tính,-7.93,-11.07,,-0.57,-11.07,15.62,384.69,Có,4.2,-16.8,-33.6,3066.6,12.8,14.2,20.7,17.1,-15.4,-11.1,44.6,594.8,Giá nằm trên SMA(100),,-0.57,190.7,203.5,206.2,157.7,96.2,59.0,4.2,15.6,0.8,0.8,884.0,4775.0,2.7,13.0,,,,19.42,-4.92,9478.0,4151.0,8.8,-5.8,0.6,6.5
GCF,UPCOM,Thực phẩm và đồ uống,1415.0,21.1,3.0,2.3,,4.2,0.2,0.9,,56.9,79.7,0.8,16.2,3.2,11.9,7.0,,Giá nằm trên SMA(20),21.91,,133.22,,36.56,14.55,0.5,0.18,0.27,0.25,62.0,69.0,36.0,89.0,0.05,Mua > Bán,36.0,67.2,0.34,64.0,,Mua mạnh,29.0,0.0,0.0,2224.0,MACD Histogram > 0 và giảm dần,0.7,0.3,0.2,0.3,,Giá nằm trên SMA(50),,,,,Trung tính,4.79,9.55,,0.0,9.55,78.81,,Có,50.0,-15.6,-29.1,87.5,41.1,24.4,14.7,209.2,-7.7,0.0,97.5,225.2,Giá nằm trên SMA(100),,0.0,2.2,5.6,6.3,5.2,52.9,2.0,35.3,20.1,,0.2,29.0,200.0,2.1,12.6,,,,80.81,,437.0,2224.0,30.6,4.1,8.3,13.4
GEG,HSX,"Điện, nước & xăng dầu khí đốt",6073.0,11.7,2.5,2.8,3.0,3.6,0.1,0.9,42.8,55.8,0.6,0.6,11.1,1.2,7.1,0.0,,Giá nằm dưới SMA(20),7.48,14.93,-16.34,-17.26,43.71,26.56,1.3,41.97,42.89,50.84,33.0,40.0,39.0,71.0,8.02,Mua < Bán,16.9,49.1,46.43,46.0,Chờ mua,Trung tính,-132.0,1.0,,1529.0,MACD Histogram < 0 và giảm dần,0.3,0.2,0.2,0.2,,Giá nằm trên SMA(50),,,,,Trung tính,-1.46,1.5,,-0.29,1.5,37.56,46.56,Có,3.0,-131.7,-52.7,547.8,28.0,50.5,672.7,321.9,-8.4,-29.8,61.7,189.7,Giá nằm trên SMA(100),,-0.29,1851.6,2089.9,2769.5,2450.1,100.0,16.0,-43.9,-56.2,0.1,0.1,166.0,624.0,2.1,3.5,,,,212.27,103.02,4937.0,1529.0,22.2,-1.4,1.5,7.3
GSM,UPCOM,"Điện, nước & xăng dầu khí đốt",887.0,23.2,3.2,3.8,3.4,4.8,0.2,0.3,100.0,56.9,3.6,0.0,7.6,1.6,7.7,8.3,,Giá nằm trên SMA(20),26.0,7.9,92.1,49.28,64.04,52.31,0.3,1.17,0.8,0.93,36.0,49.0,17.0,71.0,0.02,,31.3,57.6,0.01,43.0,,Mua,0.0,,2.0,4066.0,MACD Histogram > 0 và giảm dần,0.0,0.0,0.0,0.0,Giá cắt lên SMA(10),Giá nằm trên SMA(50),,,,,Trung tính,1.24,3.83,,0.81,3.83,49.2,283.02,Có,20.0,-14.4,-16.7,116.1,186.9,115.1,912.7,1707.4,-7.9,-2.1,52.7,614.5,Giá nằm trên SMA(100),,0.81,18.1,24.0,25.9,20.5,59.7,1.0,11.6,27.9,,0.0,28.0,54.0,4.1,15.5,,,,216.23,392.48,560.0,4066.0,12.8,0.8,1.9,4.4
HAH,HSX,Hàng & Dịch vụ Công nghiệp,10875.0,31.5,3.2,4.4,3.4,4.4,0.2,1.0,56.7,86.4,0.7,0.7,10.1,2.7,5.9,2.7,,Giá nằm trên SMA(20),52.8,29.2,69.0,9.14,44.44,28.37,0.5,303.95,317.92,384.53,80.0,87.0,71.0,93.0,82.14,Mua < Bán,65.1,69.2,6.45,83.0,Chờ mua,Mua mạnh,2059.0,1.0,,6362.0,MACD Histogram > 0 và tăng dần,0.4,0.3,0.2,0.3,,Giá nằm trên SMA(50),,,,,Trung tính,10.53,22.51,,1.09,22.51,106.65,1797.54,Có,55.0,-11.6,-15.6,1074.3,34.3,66.0,223.4,293.7,-4.7,1.1,121.3,2770.7,Giá nằm trên SMA(100),,1.09,3065.6,3919.8,5207.2,4071.7,56.6,13.0,9.0,55.0,0.1,0.0,362.0,1275.0,2.3,15.3,,,,216.22,269.61,4026.0,6362.0,45.2,10.0,18.3,25.2
HDB,HSX,Ngân hàng,106599.0,25.3,3.3,4.8,3.0,1.9,0.0,1.2,75.8,27.6,0.0,2.0,7.5,1.6,,0.0,,Giá nằm trên SMA(20),28.84,24.48,26.73,15.08,,31.59,,974.49,820.44,773.22,90.0,88.0,82.0,69.0,680.67,Mua < Bán,32.3,79.5,17.48,82.0,Chờ bán,Mua mạnh,11665.0,,1.0,4088.0,MACD Histogram > 0 và tăng dần,0.8,0.8,0.8,1.1,,Giá nằm trên SMA(50),Tín hiệu vượt đỉnh,,,,Trung tính,15.77,32.38,,5.9,32.38,43.3,360.27,Có,75.0,,,14287.9,40.3,18.7,12.8,36.2,1.9,4.2,79.4,631.1,Giá nằm trên SMA(100),,5.9,27444.6,25018.2,26787.8,19635.2,21.6,,26.4,-17.0,0.3,0.4,3515.0,11636.0,,2.0,2.5,5.2,,18.58,149.64,62176.0,4088.0,40.7,13.6,28.7,38.9
HDM,UPCOM,Hàng cá nhân & Gia dụng,712.0,32.3,3.3,3.5,3.0,4.0,0.0,0.8,100.0,52.9,3.0,0.0,5.0,1.5,4.2,9.2,,Giá nằm dưới SMA(20),6.03,2.29,14.56,25.71,15.16,8.92,0.8,0.32,0.35,0.32,38.0,76.0,49.0,69.0,0.0,,35.2,48.5,0.09,58.0,,Bán,0.0,,2.0,7073.0,MACD Histogram < 0 và tăng dần,0.0,0.0,0.0,0.0,,Giá nằm trên SMA(50),,,,,Trung tính,-2.02,-1.83,,-0.59,-1.83,15.96,584.76,Có,35.0,-34.5,-20.0,142.1,30.9,4.3,79.7,40.5,-7.4,-7.0,19.3,11777.0,Giá nằm trên SMA(100),,-0.59,6.6,7.5,8.4,8.1,76.2,1.0,19.6,71.9,0.1,0.1,54.0,601.0,0.3,12.3,,,,40.58,,484.0,7073.0,4.7,-2.3,3.0,5.4
HGM,HNX,Tài nguyên Cơ bản,4007.0,120.1,3.2,5.0,3.5,4.2,0.7,0.5,72.7,44.6,5.7,3.2,9.5,8.2,7.4,6.2,,Giá nằm dưới SMA(20),110.86,32.94,233.91,94.64,86.06,73.38,0.0,1.44,1.18,2.01,24.0,51.0,52.0,99.0,1.73,Mua < Bán,313.0,47.3,0.27,56.0,,Bán,8.0,,1.0,33427.0,MACD Histogram < 0 và giảm dần,1.6,1.6,1.0,1.2,,Giá nằm trên SMA(50),,,,,Trung tính,-3.69,-2.8,,-1.57,-2.8,506.11,1051.96,Có,40.0,6.5,41.7,421.2,233.4,193.7,310.2,441.2,-22.4,-14.7,451.5,3316.7,Giá nằm trên SMA(100),,-1.57,3.4,3.4,5.3,4.5,62.9,4.0,81.1,101.1,,0.0,205.0,279.0,6.0,95.0,,,,350.61,12177.87,489.0,33427.0,18.9,-3.9,4.5,3.5
HHV,HSX,Xây dựng và Vật liệu,7835.0,5.3,2.5,3.7,3.3,1.6,0.0,1.1,55.3,32.5,0.1,1.0,15.7,0.8,15.8,0.0,,Giá nằm trên SMA(20),23.19,47.3,32.38,2.65,40.88,13.79,1.6,379.09,342.86,275.07,89.0,85.0,79.0,72.0,215.86,Mua < Bán,16.35,81.2,10.66,81.0,Chờ bán,Mua mạnh,1444.0,1.0,,1001.0,MACD Histogram > 0 và tăng dần,0.7,0.6,0.7,0.9,,Giá nằm trên SMA(50),Tín hiệu vượt đỉnh,,,,Trung tính,11.6,26.74,,3.81,26.74,44.87,33.75,Có,80.0,-231.2,-45.5,497.8,16.4,6.5,19.4,52.3,3.8,-23.2,76.6,622.6,Giá nằm trên SMA(100),,3.81,18567.8,20594.7,19685.0,14032.9,26.4,27.0,28.8,-10.7,0.5,0.4,131.0,947.0,2.2,1.3,,,,39.13,,10311.0,1001.0,39.5,18.2,28.2,35.3
HPW,UPCOM,"Điện, nước & xăng dầu khí đốt",1373.0,12.4,2.6,2.3,3.5,4.4,0.1,0.1,,76.6,,,11.1,1.4,5.4,5.5,,,13.85,6.01,8.63,4.2,38.51,10.64,0.8,0.01,0.02,0.07,21.0,28.0,4.0,25.0,,,,,0.14,20.0,,,0.0,0.0,0.0,1660.0,,,,,,,,,,,,,,,,,,,,Có,15.0,-60.2,-38.7,123.2,3.4,19.8,89.9,6.9,,,,,,,,,,,,80.6,2.0,6.6,112.2,,0.5,37.0,346.0,1.0,5.8,,,,22.98,41.8,1004.0,1660.0,,,,
HTG,HSX,Hàng cá nhân & Gia dụng,1743.0,37.9,2.9,2.9,3.0,3.8,0.0,0.8,97.8,6.7,1.1,2.0,5.0,1.7,4.9,8.3,,Giá nằm trên SMA(20),8.57,3.71,63.34,8.85,16.51,9.85,1.2,2.15,2.08,2.19,62.0,48.0,66.0,58.0,0.9,,48.4,59.3,0.02,58.0,Chờ mua,Mua,0.0,2.0,,9749.0,MACD Histogram < 0 và tăng dần,0.4,0.5,0.4,0.5,,Giá nằm trên SMA(50),,,,,Trung tính,-1.93,5.22,,0.0,5.22,19.6,541.33,Có,30.0,-42.6,-23.6,351.0,19.7,8.3,84.3,24.5,-7.8,-6.9,36.9,757.0,Giá nằm trên SMA(100),,0.0,41.4,39.9,44.5,38.7,63.0,3.0,2.5,129.5,0.2,0.1,129.0,1309.0,0.3,11.7,,,,57.87,212.17,1027.0,9749.0,7.6,0.9,7.1,12.7
HTI,HSX,Xây dựng và Vật liệu,571.0,25.0,2.9,2.8,3.5,4.2,0.2,0.5,34.6,40.4,0.2,0.0,4.4,1.0,7.6,12.0,,Giá nằm dưới SMA(20),11.24,5.25,11.27,-1.81,47.6,28.49,1.0,5.39,5.16,7.27,79.0,86.0,78.0,48.0,0.06,Mua > Bán,22.85,57.5,6.64,73.0,,Trung tính,-211.0,0.0,0.0,5146.0,MACD Histogram < 0 và giảm dần,0.0,0.0,0.0,0.0,,Giá nằm trên SMA(50),,,,,Trung tính,-6.16,6.03,,-0.22,6.03,58.16,222.44,Có,40.0,-95.8,-34.9,128.4,12.1,2.3,122.6,299.6,-7.1,-6.2,59.7,1698.2,Giá nằm trên SMA(100),,-0.22,174.2,193.7,242.7,179.7,72.1,1.0,15.7,-36.9,,0.0,37.0,130.0,1.1,8.5,,,,113.54,98.75,553.0,5146.0,33.7,-0.4,12.4,21.3
HUG,UPCOM,Hàng cá nhân & Gia dụng,586.0,29.2,2.7,2.2,3.0,3.6,0.1,0.6,100.0,55.7,28.7,0.2,7.2,2.0,5.9,5.9,Giá cắt lên SMA(5),Giá cắt lên SMA(20),-1.76,-1.0,-16.14,-11.41,27.19,11.03,0.0,0.03,0.03,0.05,63.0,58.0,59.0,61.0,0.0,,33.5,52.5,0.0,60.0,,Trung tính,0.0,,1.0,4189.0,MACD Histogram > 0 và tăng dần,0.1,0.1,0.1,0.1,Giá cắt lên SMA(10),Giá nằm dưới SMA(50),,,Tín hiệu mua,,Trung tính,7.83,8.1,,11.51,8.1,-2.88,51.16,Có,60.0,10.4,9.9,81.7,57.1,12.5,94.6,53.8,-8.2,-16.7,23.1,781.6,Giá nằm dưới SMA(100),,11.51,0.9,0.8,1.3,0.9,35.0,1.0,21.2,50.1,0.0,0.3,25.0,227.0,0.7,13.9,,,,21.24,2.9,293.0,4189.0,-1.2,4.8,-0.4,-2.5
HVT,HNX,Hóa chất,896.0,23.2,2.6,2.8,3.0,4.0,-0.1,0.9,82.3,30.8,0.5,0.4,9.1,2.0,7.9,3.5,,Giá nằm dưới SMA(20),15.27,8.27,25.25,-5.12,19.9,6.39,0.4,1.67,1.69,2.93,16.0,4.0,54.0,39.0,0.22,,32.6,34.3,1.09,28.0,,Bán mạnh,-16.0,,4.0,3575.0,MACD Histogram < 0 và giảm dần,0.2,0.2,0.1,0.1,,Giá nằm dưới SMA(50),,,,,Trung tính,-3.55,-9.44,,0.0,-9.44,5.67,248.44,Có,30.0,-18.7,-20.5,98.2,5.5,14.8,46.2,55.1,-31.7,-27.9,18.9,4228.5,Giá nằm dưới SMA(100),,0.0,39.5,44.5,82.8,79.2,68.5,1.0,-2.7,50.7,0.1,0.1,24.0,382.0,0.6,12.1,,,,125.82,13.63,447.0,3575.0,-10.5,-4.5,-4.4,-1.3
ILB,HSX,Hàng & Dịch vụ Công nghiệp,1112.0,17.5,2.9,3.0,3.5,4.4,0.0,0.5,2.5,28.6,15.6,0.4,10.1,1.4,3.7,5.4,Giá cắt lên SMA(5),Giá nằm trên SMA(20),-6.65,3.48,-1.17,0.75,38.2,19.85,0.2,0.45,0.43,0.36,44.0,55.0,25.0,49.0,0.12,Mua < Bán,29.3,62.6,12.85,43.0,,Mua mạnh,-2.0,1.0,,2894.0,MACD Histogram > 0 và giảm dần,0.4,0.3,0.4,0.4,,Giá nằm trên SMA(50),,,,,Trung tính,0.69,6.55,,0.69,6.55,13.24,187.56,Có,45.0,28.0,16.3,110.5,12.0,8.0,48.5,10.5,-16.1,-14.7,22.3,275.5,Giá nằm trên SMA(100),,0.69,11.0,12.7,11.5,9.3,72.0,1.0,7.9,-7.8,0.1,0.6,26.0,133.0,2.1,6.3,,,,16.21,17.72,771.0,2894.0,4.2,2.3,4.8,4.1
IST,UPCOM,Hàng & Dịch vụ Công nghiệp,563.0,31.1,3.0,3.0,3.5,4.0,0.0,1.0,100.0,88.9,310.2,3.1,7.5,2.3,5.2,5.7,,Giá nằm trên SMA(20),9.16,9.93,19.29,6.26,30.33,19.83,0.1,0.02,0.02,0.02,53.0,87.0,46.0,,0.06,,37.5,51.9,0.18,62.0,,Mua,1.0,1.0,,4991.0,MACD Histogram > 0 và giảm dần,3.2,2.5,2.6,3.9,,Giá nằm trên SMA(50),,,,,Trung tính,4.21,5.34,,0.0,5.34,22.8,332.39,Có,30.0,16.3,16.6,74.9,16.2,17.6,41.1,9.5,-13.8,-13.8,35.9,618.8,Giá nằm trên SMA(100),,0.0,0.5,0.6,0.6,0.4,75.0,0.0,16.3,60.6,,0.6,27.0,137.0,1.1,14.2,,,,13.27,48.93,241.0,4991.0,4.8,0.7,3.8,6.7
KLB,UPCOM,Ngân hàng,8328.0,17.7,3.3,3.7,3.0,3.2,0.2,0.9,25.7,34.3,0.4,0.8,7.0,1.1,,0.0,,Giá nằm trên SMA(20),42.2,26.89,54.62,67.32,,37.91,,13.56,13.75,15.22,62.0,65.0,97.0,92.0,3.44,Mua > Bán,22.8,60.4,1.36,79.0,,Trung tính,130.0,,1.0,3275.0,MACD Histogram < 0 và giảm dần,0.3,0.3,0.2,0.2,,Giá nằm trên SMA(50),,,,,Trung tính,-2.33,9.52,,-1.04,9.52,90.54,162.35,Có,95.0,,,1183.7,9.7,47.2,67.7,66.8,-6.9,-43.2,140.0,237.7,Giá nằm trên SMA(100),,-1.04,498.0,511.2,628.3,700.0,10.9,,5.1,58.6,0.1,0.1,451.0,1191.0,,1.3,2.0,3.9,,70.91,3713.91,7246.0,3275.0,60.0,1.0,14.6,37.9
M10,UPCOM,Hàng cá nhân & Gia dụng,683.0,23.2,2.6,2.3,3.0,3.0,-0.1,1.1,100.0,43.4,1.8,0.0,5.4,1.2,9.7,6.1,,Giá nằm dưới SMA(20),12.26,6.76,-5.25,6.51,9.6,3.48,1.3,0.33,0.34,0.25,61.0,57.0,28.0,72.0,0.0,,21.7,52.4,0.0,54.0,,Bán,0.0,,1.0,4014.0,MACD Histogram < 0 và giảm dần,0.0,0.0,0.0,0.0,,Giá nằm trên SMA(50),,,,,Trung tính,-0.92,3.33,,0.84,3.33,-3.73,99.75,Có,65.0,-86.6,-23.4,127.5,31.8,14.2,145.4,19.5,-21.2,-16.8,28.5,130.4,Giá nằm trên SMA(100),,0.84,9.7,13.5,11.8,7.1,32.2,1.0,-7.7,13.8,0.1,0.2,40.0,1159.0,0.1,5.1,,,,22.85,78.94,582.0,4014.0,-0.5,-0.9,3.2,5.9
MNB,UPCOM,Hàng cá nhân & Gia dụng,576.0,25.7,2.4,2.2,3.4,2.6,0.1,0.6,62.0,39.3,15.4,1.2,5.2,1.2,5.9,8.3,,Giá nằm dưới SMA(20),23.71,-0.85,186.67,11.12,16.8,1.87,3.0,0.3,0.18,0.11,1.0,82.0,15.0,15.0,0.13,,26.2,38.7,0.24,28.0,,Bán mạnh,-5.0,,2.0,5575.0,MACD Histogram < 0 và giảm dần,0.6,1.0,1.4,2.6,,Giá cắt xuống SMA(50),,Tín hiệu bán,,Tín hiệu bán,Trung tính,-18.27,-2.92,,-9.01,-2.92,11.23,27.2,Có,35.0,-236.2,-44.7,111.5,24.3,15.1,85.5,171.6,-24.4,-21.6,13.5,85.1,Giá nằm dưới SMA(100),,-9.01,8.5,5.0,3.5,1.9,49.6,2.0,31.9,5.5,,0.0,25.0,1329.0,0.1,3.8,,,"{'vi': 'Giá cắt xuống SMA(200)', 'en': 'Price cross below SMA(200)'}",257.85,287.93,473.0,5575.0,-6.3,-9.8,-5.1,-6.3
MSH,HSX,Hàng cá nhân & Gia dụng,4158.0,29.0,2.7,2.2,3.4,4.4,0.1,0.9,36.7,34.9,0.0,0.7,7.6,2.1,7.2,10.1,,Giá nằm dưới SMA(20),16.26,3.66,68.69,-16.43,21.03,12.27,0.6,28.88,35.14,28.61,19.0,17.0,42.0,61.0,6.77,Mua < Bán,36.9,43.7,5.22,35.0,Chờ mua,Bán,-543.0,,2.0,4865.0,MACD Histogram < 0 và giảm dần,0.3,0.2,0.3,0.4,,Giá nằm dưới SMA(50),,,,,Trung tính,-7.29,-2.89,,-0.14,-2.89,21.04,282.2,Có,35.0,-20.5,-17.8,547.5,10.0,34.5,108.3,61.4,-11.9,-10.3,46.6,383.9,Giá nằm trên SMA(100),,-0.14,577.2,851.9,727.1,520.3,12.3,5.0,41.6,113.1,0.7,0.1,180.0,1467.0,0.7,12.2,,,,101.87,2.98,1993.0,4865.0,4.8,-3.2,-1.6,4.5
MVB,HNX,Tài nguyên Cơ bản,1890.0,16.1,2.7,1.9,3.9,4.2,-0.1,0.8,20.0,67.6,4.7,0.8,7.1,1.1,3.4,5.5,,Giá nằm dưới SMA(20),7.88,1.22,-7.6,-4.4,18.25,5.95,0.1,0.2,0.23,0.25,32.0,33.0,10.0,12.0,0.02,,17.8,41.6,0.07,22.0,,Bán mạnh,6.0,0.0,0.0,2546.0,MACD Histogram < 0 và giảm dần,0.1,0.1,0.1,0.1,,Giá nằm dưới SMA(50),,,,,Trung tính,-3.26,-0.56,,-1.11,-0.56,-13.09,201.45,Có,1.8,5.0,2.7,267.4,18.9,18.3,35.8,38.9,-39.7,-34.7,6.8,1383.6,Giá nằm dưới SMA(100),,-1.11,9.3,8.9,11.4,10.3,98.2,2.0,11.4,42.1,0.1,0.2,92.0,1543.0,0.3,7.9,,,,28.38,-12.35,1722.0,2546.0,-9.1,-2.8,-2.1,-8.0
MVC,UPCOM,Xây dựng và Vật liệu,1511.0,9.4,2.7,2.2,3.2,4.6,0.2,1.2,2.3,33.3,7.9,0.3,12.9,1.2,19.4,4.9,,Giá nằm trên SMA(20),7.74,-5.9,20.53,-3.57,28.95,25.54,0.2,2.64,2.7,3.27,10.0,97.0,95.0,89.0,0.26,,14.8,63.0,0.0,73.0,,Trung tính,0.0,1.0,,1174.0,MACD Histogram < 0 và giảm dần,0.2,0.1,0.1,0.1,Giá cắt xuống SMA(10),Giá nằm trên SMA(50),,,,,Trung tính,-2.82,43.98,,-2.06,43.98,77.56,110.73,Có,35.0,-13.3,-12.5,117.4,23.2,21.5,68.5,122.2,-12.9,-7.0,124.5,301.8,Giá nằm trên SMA(100),,-2.06,98.0,161.2,212.8,117.1,65.3,2.0,19.9,109.2,,0.3,46.0,182.0,2.3,7.5,,,,47.61,23.36,1283.0,1174.0,51.0,3.0,23.8,40.4
NAB,HSX,Ngân hàng,27022.0,20.2,2.9,4.4,3.4,2.2,0.0,0.8,53.5,53.1,0.1,1.3,7.0,1.3,,0.0,,Giá nằm trên SMA(20),18.42,29.7,37.59,8.08,,38.15,,43.26,38.62,33.8,78.0,63.0,57.0,56.0,21.88,Mua < Bán,15.65,60.0,1.87,64.0,,Mua,-2015.0,,2.0,2243.0,MACD Histogram < 0 và giảm dần,0.6,0.7,0.7,0.7,Giá cắt xuống SMA(10),Giá nằm trên SMA(50),,,,,Trung tính,0.64,7.56,,-0.63,7.56,17.14,,Có,80.0,,,3848.0,17.1,15.7,6.5,22.3,-6.0,-4.0,30.4,326.4,Giá nằm trên SMA(100),,-0.63,2244.3,2125.2,2130.2,1962.9,30.0,,18.9,6.0,0.5,0.3,1035.0,2712.0,,1.4,2.8,3.1,,21.19,250.23,21240.0,2243.0,15.4,1.7,8.4,12.5
NCS,UPCOM,Thực phẩm và đồ uống,678.0,33.7,2.8,2.5,3.5,3.8,0.1,0.4,,26.9,,,10.9,3.2,6.7,0.0,,,19.28,2.49,18.59,9.77,16.75,8.66,0.5,0.2,0.25,0.29,91.0,80.0,85.0,44.0,,,,,3.79,75.0,,,136.0,1.0,,3473.0,,,,,,,,,,,,,,,,,,,,Có,30.0,-13.2,-19.4,62.3,24.2,16.5,44.3,14.6,,,,,,,,,,,,71.9,1.0,-2.9,0.5,,0.8,17.0,202.0,0.8,13.5,,,,13.43,,214.0,3473.0,,,,
NFC,HNX,Hóa chất,868.0,37.4,2.8,3.6,,4.2,0.8,0.2,100.0,58.4,1.4,0.0,10.2,3.4,6.6,12.4,Giá cắt lên SMA(5),Giá nằm dưới SMA(20),25.85,13.85,58.96,36.92,24.44,7.63,0.0,3.04,1.65,0.96,49.0,68.0,62.0,99.0,0.02,,56.0,48.1,0.06,70.0,,Trung tính,0.0,,1.0,5427.0,MACD Histogram < 0 và tăng dần,0.0,0.0,0.0,0.0,,Giá nằm dưới SMA(50),,,,,Trung tính,-6.2,1.82,,1.45,1.82,293.14,1300.71,Có,30.0,16.7,34.5,85.4,25.4,61.8,76.2,273.5,-18.6,-18.6,304.0,2008.6,Giá nằm trên SMA(100),,1.45,54.4,29.1,16.6,10.2,63.1,1.0,-18.0,-27.0,,0.1,28.0,371.0,0.7,24.2,,,,139.71,1062.51,253.0,5427.0,66.4,-4.7,-1.4,16.1
NTH,HNX,"Điện, nước & xăng dầu khí đốt",569.0,34.0,3.2,3.5,3.1,5.0,0.0,-0.1,100.0,9.1,20.6,25.2,9.2,3.1,8.5,8.9,,Giá nằm trên SMA(20),-7.08,0.79,-7.07,6.26,59.84,53.91,0.0,0.07,0.03,0.06,98.0,98.0,90.0,62.0,0.11,Mua > Bán,52.7,55.7,0.13,87.0,,Mua mạnh,2.0,1.0,,5706.0,MACD Histogram > 0 và tăng dần,1.6,3.1,1.6,3.0,,Giá nằm trên SMA(50),,,,,Trung tính,1.35,1.31,,0.0,1.31,6.12,184.79,Có,55.0,3.0,8.6,61.6,20.6,30.0,30.2,43.0,-11.9,-11.9,14.0,279.7,Giá nằm trên SMA(100),,0.0,1.2,0.7,1.3,0.7,,1.0,-12.9,-17.4,,0.3,17.0,32.0,4.7,30.7,,,,27.06,200.69,186.0,5706.0,2.2,0.7,1.3,1.8
NTP,HNX,Xây dựng và Vật liệu,10912.0,26.1,2.5,3.0,3.0,4.4,0.0,1.0,34.8,47.8,1.4,3.0,11.9,2.9,10.1,4.9,,Giá nằm dưới SMA(20),9.29,3.89,31.51,4.37,32.04,16.1,0.5,24.28,25.99,30.9,28.0,6.0,38.0,49.0,21.86,Mua > Bán,62.7,37.2,18.25,30.0,Chờ mua,Bán,-746.0,1.0,,5384.0,MACD Histogram < 0 và giảm dần,1.1,1.0,0.8,0.8,,Giá nằm dưới SMA(50),,,,,Trung tính,-5.43,-9.0,,-1.72,-9.0,10.11,301.37,Có,55.0,-13.9,-22.7,920.9,18.5,33.8,34.5,94.4,-12.7,-10.4,56.9,4085.9,Giá nằm trên SMA(100),,-1.72,309.2,328.6,435.0,421.4,73.5,12.0,56.9,51.2,0.2,0.3,321.0,1991.0,1.7,15.0,,,,39.51,76.92,3771.0,5384.0,11.7,-4.6,-4.3,2.0
PDN,HSX,Hàng & Dịch vụ Công nghiệp,5223.0,34.4,3.0,4.6,3.3,5.0,0.1,0.6,,30.0,,,13.0,4.1,10.8,6.7,,,14.57,12.52,17.88,-3.26,37.53,32.01,0.1,0.34,0.46,0.53,40.0,28.0,35.0,65.0,,,,,0.36,42.0,,,0.0,0.0,0.0,7226.0,,,,,,,,,,,,,,,,,,,,Có,20.5,4.2,12.2,401.5,21.8,13.1,47.0,16.6,,,,,,,,,,,,90.1,5.0,10.6,26.5,0.1,0.6,125.0,392.0,3.6,24.2,,,,21.21,-4.3,1273.0,7226.0,,,,
PIC,HNX,"Điện, nước & xăng dầu khí đốt",600.0,12.8,2.9,3.0,3.5,4.8,0.0,0.1,48.3,17.4,15.4,1.4,12.3,1.5,6.2,4.2,,Giá nằm dưới SMA(20),-15.32,3.48,-15.59,11.69,53.8,35.06,0.1,0.12,0.14,0.24,95.0,3.0,75.0,39.0,0.05,,17.9,33.0,0.01,53.0,,Bán mạnh,0.0,0.0,0.0,1465.0,MACD Histogram < 0 và giảm dần,0.6,0.4,0.2,0.2,,Giá nằm dưới SMA(50),,,,,Trung tính,-2.19,-9.6,,-0.56,-9.6,-30.77,163.39,Có,20.0,-0.5,-0.7,48.8,81.9,35.9,954.9,53.4,-30.8,-32.3,10.8,301.1,Giá nằm dưới SMA(100),,-0.56,4.7,7.1,11.8,12.6,83.4,1.0,-19.1,-32.7,,0.1,12.0,33.0,4.2,11.4,,,,93.46,525.42,394.0,1465.0,-8.8,-3.0,-6.2,-13.2
PPH,UPCOM,Hàng cá nhân & Gia dụng,2072.0,22.4,2.5,2.8,3.0,3.4,-0.1,0.7,74.0,58.6,0.8,2.1,5.1,1.1,39.0,8.7,,Giá nằm dưới SMA(20),27.63,-7.72,20.04,12.21,19.42,16.43,0.6,0.95,0.9,0.84,34.0,23.0,42.0,29.0,0.44,,27.7,41.4,0.02,32.0,Chờ mua,Bán,0.0,0.0,0.0,5476.0,MACD Histogram < 0 và giảm dần,0.6,0.6,0.6,0.6,,Giá nằm dưới SMA(50),,,,,Trung tính,-2.48,0.84,,-0.19,0.84,-1.2,226.27,Có,35.0,-48.8,-27.0,408.9,10.9,21.1,27.6,13.5,-11.8,-9.6,25.4,355.9,Giá nằm trên SMA(100),,-0.19,27.9,27.0,28.5,27.4,67.3,3.0,2.9,-10.5,0.7,0.1,100.0,611.0,0.9,11.5,,,"{'vi': 'Giá cắt lên SMA(200)', 'en': 'Price cross above SMA(200)'}",36.53,69.37,1914.0,5476.0,-0.2,-2.0,-0.6,2.5
PTB,HSX,Tài nguyên Cơ bản,3641.0,14.2,2.4,1.9,3.0,4.0,-0.1,0.5,35.0,44.8,0.1,1.4,8.9,1.2,6.0,3.9,,Giá nằm dưới SMA(20),15.09,3.11,43.03,-9.27,20.53,6.73,0.5,10.57,12.03,8.48,46.0,19.0,33.0,11.0,6.09,Mua < Bán,53.8,45.8,13.63,27.0,Chờ mua,Bán,69.0,1.0,,6130.0,MACD Histogram < 0 và giảm dần,0.7,0.7,0.7,0.9,,Giá nằm trên SMA(50),,,,,Trung tính,-2.54,-2.54,,-1.1,-2.54,-14.24,105.39,Có,50.0,-19.9,-12.7,410.3,18.4,12.8,16.1,26.7,-18.4,-32.2,23.8,5123.1,Giá nằm trên SMA(100),,-1.1,167.2,168.1,157.6,129.9,4.9,5.0,17.6,13.5,0.4,0.4,128.0,1905.0,0.5,7.6,,,,25.11,7.53,2960.0,6130.0,-4.1,-1.4,0.1,2.9
PVS,HNX,Dầu khí,17780.0,9.3,2.6,1.5,3.6,4.8,-0.1,1.2,50.1,18.5,0.0,0.7,14.0,1.3,25.4,0.0,Giá cắt lên SMA(5),Giá nằm trên SMA(20),22.69,7.2,4.22,0.71,5.97,4.89,0.1,392.44,405.1,354.92,76.0,71.0,79.0,23.0,118.52,Mua > Bán,37.5,63.4,11.45,62.0,Chờ bán,Mua mạnh,-3571.0,1.0,,2649.0,MACD Histogram > 0 và giảm dần,0.4,0.3,0.3,0.4,,Giá nằm trên SMA(50),,,,,Trung tính,0.27,9.65,,0.81,9.65,-3.51,268.48,Có,50.0,62.0,30.9,1265.9,32.5,62.1,84.6,10.3,-10.5,-16.6,75.2,874.4,Giá nằm trên SMA(100),,0.81,8487.6,10021.9,9960.0,8665.6,78.6,8.0,22.8,8.8,0.9,0.4,361.0,7383.0,0.6,4.0,,,,37.08,53.73,14004.0,2649.0,15.4,5.5,9.4,21.1
REE,HSX,"Điện, nước & xăng dầu khí đốt",35749.0,12.8,2.8,3.5,4.1,4.8,0.0,0.8,25.7,71.4,0.0,1.3,14.9,1.8,10.7,1.7,,Giá nằm dưới SMA(20),-2.17,11.39,-8.91,-7.05,33.94,24.81,0.4,85.47,83.34,82.8,15.0,16.0,37.0,46.0,37.99,,65.4,38.3,49.0,28.0,Chờ bán,Bán,-3.0,,4.0,4418.0,MACD Histogram < 0 và giảm dần,0.6,0.5,0.5,0.6,,Giá nằm dưới SMA(50),,,,,Trung tính,-3.68,-4.53,,-0.91,-4.53,9.08,243.06,Có,35.0,-14.8,-14.3,2393.0,15.2,12.6,76.2,27.2,-8.2,-6.2,31.7,14857.0,Giá nằm trên SMA(100),,-0.91,962.7,1117.6,1147.7,1033.2,57.3,45.0,21.5,2.0,0.4,0.4,623.0,2514.0,4.0,6.7,,,,33.83,5.96,19652.0,4418.0,6.7,-3.2,-3.4,1.8
SHB,HSX,Ngân hàng,86592.0,18.3,3.4,4.0,2.9,1.9,0.3,1.0,59.4,64.4,0.1,1.1,7.9,1.4,,6.3,,Giá nằm trên SMA(20),10.52,20.21,27.27,17.48,,35.0,,2066.92,2107.42,1938.19,96.0,97.0,94.0,95.0,891.8,Mua > Bán,18.9,84.8,5.31,96.0,Chờ bán,Mua mạnh,-2212.0,4.0,,2379.0,MACD Histogram > 0 và giảm dần,0.5,0.5,0.4,0.6,,Giá nằm trên SMA(50),,,,,Trung tính,11.81,50.39,,0.27,50.39,132.1,282.32,Có,70.0,,,10930.3,135.1,3.6,57.8,8.9,-2.8,0.3,144.8,1645.1,Giá nằm trên SMA(100),,0.27,91725.4,91820.0,107675.1,83077.6,15.5,,70.3,3.2,0.1,0.2,3607.0,10304.0,,1.5,2.6,3.8,,34.41,187.55,63114.0,2379.0,84.1,18.3,39.3,53.8
SJG,UPCOM,Xây dựng và Vật liệu,9171.0,11.4,2.5,2.3,2.9,3.4,0.1,0.8,100.0,33.5,9.0,0.1,11.7,1.3,10.6,0.0,,Giá nằm trên SMA(20),-0.93,-4.47,42.19,31.26,17.28,14.11,0.7,0.06,0.07,0.09,87.0,75.0,47.0,83.0,0.0,,22.0,63.0,0.0,73.0,,Mua mạnh,0.0,2.0,,1736.0,MACD Histogram > 0 và tăng dần,0.0,0.0,0.0,0.0,,Giá nằm trên SMA(50),,,,,Trung tính,12.58,19.77,,7.84,19.77,70.24,445.91,Có,0.2,-53.6,-21.7,780.5,20.3,26.0,90.1,1359.4,-28.8,-32.1,70.6,593.5,Giá nằm trên SMA(100),,7.84,2.7,3.7,4.4,2.8,99.8,16.0,40.9,453.1,0.7,0.1,260.0,1841.0,1.5,3.4,,,,78.49,772.92,7139.0,1736.0,17.6,9.6,17.6,19.6
SZG,UPCOM,Bất động sản,2004.0,27.0,2.8,2.7,3.4,5.0,0.1,0.3,100.0,34.9,20.8,0.2,8.6,2.1,4.0,4.6,Giá cắt lên SMA(5),Giá cắt lên SMA(20),3.42,,-2.57,,61.53,41.74,0.0,0.05,0.05,0.06,13.0,11.0,24.0,59.0,0.0,,39.4,56.6,0.0,27.0,,Mua mạnh,0.0,0.0,0.0,4247.0,MACD Histogram > 0 và tăng dần,0.1,0.1,0.1,0.1,,Giá cắt lên SMA(50),,Tín hiệu mua,Tín hiệu mua,,Trung tính,2.6,5.25,,7.95,5.25,29.46,,Có,25.0,32.9,15.1,233.2,39.4,16.5,96.5,53.0,-9.6,-7.6,43.0,178.4,Giá nằm trên SMA(100),,7.95,1.3,1.2,1.7,1.4,46.5,1.0,31.5,5.5,,0.2,59.0,141.0,4.0,5.7,,,,52.51,,934.0,4247.0,11.8,5.7,5.8,7.9
TBD,UPCOM,Hàng & Dịch vụ Công nghiệp,3602.0,30.1,2.4,2.1,3.2,3.4,0.2,0.5,,78.6,,,18.7,5.2,14.4,0.0,,,23.68,-1.09,186.58,4.08,17.73,9.68,1.2,0.0,0.0,0.01,62.0,13.0,58.0,74.0,,,,,4.54,52.0,,,0.0,0.0,0.0,5926.0,,,,,,,,,,,,,,,,,,,,Có,10.0,-22.4,-38.7,192.1,78.3,39.0,171.6,27.2,,,,,,,,,,,,97.5,4.0,93.0,352.9,,0.1,69.0,716.0,1.4,10.5,,,,143.46,51.21,691.0,5926.0,,,,
TCL,HSX,Hàng & Dịch vụ Công nghiệp,1078.0,25.4,3.0,3.0,3.3,4.8,0.0,0.7,79.1,78.6,4.6,0.7,7.1,1.7,6.0,7.2,,Giá nằm trên SMA(20),6.65,11.38,8.87,7.89,14.96,9.85,0.0,2.83,2.7,2.61,21.0,48.0,32.0,44.0,0.79,Mua < Bán,35.85,61.1,6.11,36.0,,Mua,48.0,1.0,,5003.0,MACD Histogram > 0 và giảm dần,0.4,0.3,0.3,0.3,,Giá nằm trên SMA(50),,,,,Trung tính,2.28,3.61,,0.28,3.61,9.53,125.98,Có,50.0,5.1,5.0,150.9,13.4,11.2,1.7,32.3,-14.7,-14.6,14.1,1161.9,Giá nằm trên SMA(100),,0.28,60.9,64.2,68.3,70.0,73.9,1.0,45.6,90.2,0.4,0.6,50.0,508.0,0.6,14.2,,,,12.89,68.53,623.0,5003.0,3.7,2.4,4.2,4.8
TED,UPCOM,Xây dựng và Vật liệu,694.0,31.6,2.8,2.0,,4.4,0.1,0.5,100.0,50.0,144.1,3.2,8.9,2.6,3.7,3.6,,Giá nằm trên SMA(20),-7.96,,-11.0,,22.54,3.0,0.0,0.06,0.05,0.06,80.0,89.0,47.0,60.0,0.05,,57.0,55.2,35.25,69.0,,Mua mạnh,0.0,,1.0,6249.0,MACD Histogram < 0 và tăng dần,1.1,1.0,0.8,1.1,Giá cắt lên SMA(10),Giá nằm trên SMA(50),,,,,Trung tính,0.35,9.93,,2.7,9.93,21.51,,Có,30.0,37.4,18.7,78.1,122.0,9.8,155.3,28.1,-21.3,-21.3,35.1,209.8,Giá nằm trên SMA(100),,2.7,0.8,0.9,1.1,0.8,65.1,1.0,-7.0,-55.0,,0.3,13.0,432.0,0.4,5.9,,,,26.89,,265.0,6249.0,6.4,3.2,8.1,7.9
TFC,HNX,Thực phẩm và đồ uống,1143.0,52.6,2.7,4.2,,4.2,0.5,0.9,20.3,11.4,5.9,2.6,5.9,2.5,6.6,0.0,Giá cắt xuống SMA(5),Giá nằm dưới SMA(20),15.57,10.91,208.77,47.78,27.75,13.46,0.7,0.29,0.34,0.32,36.0,3.0,3.0,97.0,0.41,Mua > Bán,63.1,27.3,33.58,35.0,,Bán mạnh,-1.0,1.0,,11421.0,MACD Histogram < 0 và giảm dần,1.6,1.6,1.4,1.2,,Giá nằm dưới SMA(50),,,,,Vào vùng quá bán,-8.95,-17.41,,-7.07,-17.41,152.94,1500.63,Có,25.0,-15.7,-18.4,192.2,19.5,127.1,13.4,1072.6,-27.5,-26.1,191.2,2186.6,Giá nằm dưới SMA(100),,-7.07,4.0,4.1,4.6,5.2,,1.0,8.0,-21.0,,0.1,31.0,230.0,1.1,22.8,,,"{'vi': 'Giá cắt xuống SMA(200)', 'en': 'Price cross below SMA(200)'}",118.03,531.36,454.0,11421.0,-2.0,-11.8,-16.0,-15.5
THG,HSX,Xây dựng và Vật liệu,1659.0,26.1,2.6,2.5,3.2,4.0,0.1,0.9,21.4,47.8,1.4,1.9,9.3,2.3,6.6,7.5,,Giá nằm dưới SMA(20),11.82,7.59,21.56,-7.36,20.96,6.52,0.7,2.78,4.17,4.74,41.0,4.0,62.0,81.0,1.21,,53.0,39.7,1.48,47.0,,Bán,9.0,1.0,,5720.0,MACD Histogram < 0 và tăng dần,0.6,0.4,0.3,0.3,,Giá nằm dưới SMA(50),,,,,Trung tính,-1.67,-8.93,,-0.56,-8.93,54.63,198.0,Có,65.0,-15.9,-12.3,178.1,66.1,58.3,127.2,76.6,-11.1,-9.4,62.5,9479.1,Giá nằm trên SMA(100),,-0.56,40.5,58.0,87.6,74.4,10.4,2.0,21.5,31.3,0.2,0.1,41.0,625.0,0.7,8.9,,,,88.32,-24.9,728.0,5720.0,15.9,-3.0,-4.2,4.3
TNG,HNX,Hàng cá nhân & Gia dụng,2611.0,19.1,2.3,2.5,3.0,2.2,-0.2,1.4,28.7,36.5,0.5,0.9,7.5,1.4,9.4,8.4,,Giá cắt xuống SMA(20),7.9,10.67,44.66,0.68,14.64,4.75,2.0,48.45,58.11,50.69,25.0,47.0,68.0,6.0,14.36,Mua > Bán,21.1,49.9,16.81,36.0,Chờ bán,Trung tính,-138.0,1.0,,2841.0,MACD Histogram < 0 và giảm dần,0.3,0.3,0.3,0.3,,Giá nằm trên SMA(50),,,Tín hiệu bán,,Trung tính,-5.8,0.0,,-0.94,0.0,-18.92,226.81,Có,65.0,-138.5,-53.2,348.3,16.3,11.6,36.4,3.4,-21.4,-22.9,67.0,3158.6,Giá nằm trên SMA(100),,-0.94,1844.4,2434.5,2308.2,2128.2,25.2,6.0,67.3,177.1,0.6,0.2,120.0,2528.0,0.3,5.5,,,,36.1,47.95,1837.0,2841.0,0.7,-0.8,2.2,10.9
TPP,HNX,Hàng & Dịch vụ Công nghiệp,544.0,10.9,2.5,3.0,3.1,2.0,0.0,0.5,100.0,71.5,60.1,0.6,9.0,0.9,7.4,0.0,,Giá nằm trên SMA(20),26.62,28.53,108.14,55.83,14.55,2.9,3.1,0.02,0.02,0.06,,,,,0.0,,12.1,60.0,0.18,,,Mua,3.0,0.0,0.0,1345.0,MACD Histogram < 0 và giảm dần,0.3,0.3,0.1,0.2,,Giá nằm trên SMA(50),,,,,Trung tính,0.83,23.47,,0.0,23.47,19.8,15.08,Có,50.0,-250.9,-51.2,60.5,4.5,8.2,181.1,86.4,-3.2,-29.2,31.5,1150.2,Giá nằm trên SMA(100),,0.0,1.6,1.5,5.6,2.4,51.0,2.0,14.1,303.6,,0.1,25.0,859.0,0.2,2.5,,,,111.37,553.16,587.0,1345.0,14.1,3.6,11.4,14.2
TRC,HSX,Hóa chất,1934.0,16.2,3.2,4.3,3.1,5.0,0.1,1.0,75.5,28.9,7.6,3.6,6.5,1.0,4.9,4.8,Giá cắt lên SMA(5),Giá cắt lên SMA(20),32.25,17.39,227.39,21.56,31.28,26.4,0.0,10.58,9.91,15.4,35.0,33.0,31.0,90.0,16.34,Mua > Bán,68.8,58.5,2.62,47.0,Chờ mua,Mua mạnh,70.0,1.0,,10244.0,MACD Histogram > 0 và tăng dần,1.9,1.8,1.1,1.1,Giá cắt lên SMA(10),Giá nằm trên SMA(50),,Tín hiệu mua,Tín hiệu mua,,Trung tính,0.73,0.74,,3.61,0.74,89.53,162.22,Có,35.0,15.0,12.8,298.4,46.0,55.4,172.2,357.7,-19.3,-18.3,92.0,915.6,Giá nằm trên SMA(100),,3.61,127.5,134.9,210.2,212.2,70.9,2.0,-41.6,-50.5,0.5,0.0,35.0,132.0,2.2,13.9,,,,229.9,244.99,1986.0,10244.0,10.0,2.6,4.3,5.3
TTD,UPCOM,Y tế,1176.0,30.9,2.7,3.0,3.6,4.2,0.2,-0.2,,98.7,,,12.3,3.6,9.3,4.9,,,5.0,3.33,1.45,1.83,23.06,13.04,0.0,0.0,0.0,0.0,62.0,53.0,45.0,50.0,,,,,0.41,52.0,,,0.0,0.0,0.0,6154.0,,,,,,,,,,,,,,,,,,,,Có,75.0,8.6,23.6,95.7,16.4,1.3,43.5,19.7,,,,,,,,,,,,7.8,1.0,22.5,73.3,,0.4,29.0,220.0,1.4,24.2,,,,28.92,48.51,327.0,6154.0,,,,
TTN,UPCOM,Viễn thông,644.0,14.4,2.6,3.1,3.2,4.2,0.0,1.2,42.3,45.1,0.2,0.8,9.8,1.4,5.5,4.1,,Giá nằm dưới SMA(20),-0.71,7.33,84.35,-3.49,35.37,20.02,0.0,4.53,4.2,4.64,16.0,8.0,7.0,96.0,1.34,Mua < Bán,17.5,41.9,0.29,32.0,,Bán mạnh,20.0,,2.0,1799.0,MACD Histogram < 0 và giảm dần,0.4,0.4,0.3,0.3,,Giá nằm dưới SMA(50),,,,,Trung tính,-3.31,-9.69,,-0.27,-9.69,19.06,301.47,Có,50.0,9.6,10.3,66.1,11.1,11.7,5.1,30.8,-31.3,-29.8,51.0,765.9,Giá nằm trên SMA(100),,-0.27,214.4,206.9,246.8,266.2,65.8,1.0,30.2,13.1,,0.4,19.0,97.0,1.7,11.5,,,,22.01,108.49,470.0,1799.0,-3.8,-2.7,-2.4,3.0
TV1,UPCOM,Hàng & Dịch vụ Công nghiệp,663.0,32.0,3.1,3.6,3.2,3.8,0.0,0.7,53.7,50.2,4.4,0.5,5.4,1.6,3.9,0.0,,Giá nằm dưới SMA(20),5.82,0.13,27.26,181.27,36.29,24.8,0.5,1.89,1.98,2.25,64.0,76.0,76.0,70.0,0.44,,24.9,46.4,1.0,72.0,,Bán,64.0,,3.0,4636.0,MACD Histogram < 0 và giảm dần,0.3,0.3,0.2,0.3,,Giá nằm dưới SMA(50),,,,,Trung tính,-1.96,1.53,,0.18,1.53,10.45,154.42,Có,35.0,-29.7,-20.2,123.8,19.4,44.2,96.1,111.3,-16.2,-13.2,30.4,899.0,Giá nằm trên SMA(100),,0.18,60.3,62.9,90.5,64.7,54.3,1.0,14.5,4.6,,0.1,32.0,129.0,1.1,12.3,,,,66.0,,426.0,4636.0,3.5,-1.4,-1.3,1.6
TYA,HSX,Hàng & Dịch vụ Công nghiệp,531.0,18.3,2.6,1.8,3.5,3.0,0.1,0.8,9.1,76.4,11.7,0.2,5.3,0.9,8.6,6.4,,Giá nằm trên SMA(20),26.78,-0.23,7969.58,-2.7,11.08,5.76,1.7,0.35,0.5,0.64,69.0,80.0,70.0,53.0,0.03,,17.3,62.9,37.13,68.0,,Mua,-83.0,1.0,,3241.0,MACD Histogram < 0 và giảm dần,0.1,0.1,0.0,0.1,,Giá nằm trên SMA(50),,,,,Trung tính,-0.57,17.69,,0.0,17.69,41.87,76.31,Có,12.0,-142.0,-45.5,99.4,27.2,34.2,83.2,38.7,-5.0,-24.5,50.6,1704.6,Giá nằm trên SMA(100),,0.0,18.6,25.4,38.3,25.1,83.5,1.0,24.5,70.5,,0.0,35.0,614.0,0.3,7.2,,,,154.51,39.87,579.0,3241.0,20.1,0.9,11.1,17.6
VAB,HSX,Ngân hàng,11389.0,11.1,3.5,3.4,3.0,3.4,0.3,1.1,63.4,51.0,0.7,0.5,11.5,1.2,,0.0,,Giá nằm trên SMA(20),5.93,16.45,16.52,17.9,,45.81,,77.8,70.09,58.84,92.0,82.0,97.0,95.0,16.32,Mua > Bán,13.95,79.4,0.13,95.0,,Mua mạnh,-714.0,,1.0,1211.0,MACD Histogram > 0 và giảm dần,0.3,0.3,0.3,0.6,,Giá nằm trên SMA(50),,,,,Trung tính,7.61,,,0.0,,133.39,,Có,90.0,,,988.3,3.9,3.5,12.6,44.5,-6.4,-1.8,42.0,276.7,Giá nằm trên SMA(100),,0.0,3623.9,3555.2,3286.8,2066.8,14.9,,-8.7,-4.9,0.0,0.4,279.0,608.0,,0.8,1.1,2.2,,26.66,119.68,9421.0,1211.0,84.5,17.3,33.3,56.5
VAF,HSX,Hóa chất,718.0,21.2,3.3,3.0,3.5,5.0,0.1,0.5,95.5,25.3,5.9,7.7,6.5,1.3,2.7,7.5,,Giá nằm dưới SMA(20),21.83,9.02,-3.64,38.47,23.55,11.68,0.0,0.08,0.05,0.15,80.0,50.0,46.0,86.0,0.15,Mua > Bán,19.0,41.4,0.02,66.0,,Bán,2.0,1.0,,2920.0,MACD Histogram < 0 và giảm dần,2.4,2.9,1.1,1.4,,Giá nằm dưới SMA(50),,,,,Trung tính,-2.31,-4.52,,-0.26,-4.52,52.66,149.66,Có,8.0,51.7,39.8,110.0,5.7,41.5,298.8,123.4,-11.6,-9.5,59.4,542.5,Giá nằm dưới SMA(100),,-0.26,3.3,2.6,6.8,5.6,91.5,0.0,-49.2,19.2,,0.1,40.0,347.0,0.5,13.7,,,,85.37,762.62,552.0,2920.0,13.7,-3.6,-4.1,-0.7
VGT,UPCOM,Hàng cá nhân & Gia dụng,6466.0,9.0,2.5,1.7,3.4,3.4,-0.2,1.5,41.9,24.3,0.9,0.8,10.7,0.9,9.9,0.0,,Giá nằm trên SMA(20),5.22,-1.81,95.97,-8.99,14.77,3.35,0.7,30.24,34.77,33.5,18.0,60.0,68.0,8.0,8.77,,12.9,53.2,14.05,38.0,Chờ bán,Trung tính,18.0,,3.0,1206.0,MACD Histogram < 0 và giảm dần,0.4,0.3,0.3,0.3,,Giá nằm trên SMA(50),,,,,Trung tính,-2.32,5.13,,-0.25,5.13,-14.25,106.33,Có,35.0,-88.8,-28.8,603.0,11.3,7.9,2389.7,372.1,-17.8,-52.7,79.2,151.1,Giá nằm trên SMA(100),,-0.25,1915.7,2365.5,2580.7,2079.3,70.7,15.0,4.3,-13.5,0.3,0.0,149.0,4450.0,0.4,3.1,,,,539.53,40.03,6946.0,1206.0,1.6,0.3,4.0,12.2
VPB,HSX,Ngân hàng,253886.0,12.4,3.0,3.7,3.5,1.4,0.1,1.1,37.1,24.4,0.0,0.8,14.6,1.7,,2.7,,Giá nằm trên SMA(20),25.16,11.36,58.2,1.37,,29.86,,1594.53,1473.98,1448.72,98.0,98.0,96.0,89.0,598.77,Mua < Bán,34.2,88.5,25.95,95.0,Chờ bán,Mua mạnh,53995.0,3.0,,2193.0,MACD Histogram > 0 và tăng dần,0.4,0.4,0.3,0.4,,Giá nằm trên SMA(50),Tín hiệu vượt đỉnh,,,,Trung tính,15.54,60.19,,6.88,60.19,90.93,391.97,Có,55.0,,,17402.6,2.5,16.1,36.3,9.2,4.3,6.9,131.9,518.2,Giá nằm trên SMA(100),Tăng nóng vào phiên hôm trước,6.88,44888.8,42971.1,51873.9,41963.2,26.6,,6.2,24.8,0.4,0.3,4862.0,16535.0,,1.8,4.0,5.4,,50.17,46.34,146697.0,2193.0,77.1,24.1,51.0,71.0
VPG,HSX,Tài nguyên Cơ bản,810.0,9.0,2.1,2.6,2.9,2.0,-0.3,1.2,46.3,10.4,2.1,0.8,5.9,0.5,16.3,0.0,,Giá nằm trên SMA(20),156.51,47.88,407.52,5.58,2.98,0.55,2.9,11.08,15.61,14.01,6.0,74.0,1.0,3.0,3.21,Mua < Bán,9.41,56.6,0.75,21.0,,Trung tính,-13.0,,2.0,1558.0,MACD Histogram > 0 và giảm dần,0.4,0.2,0.2,0.3,,Giá nằm trên SMA(50),,,,,Trung tính,-5.43,16.6,,2.73,16.6,-26.2,38.32,Có,70.0,-543.0,-58.3,137.8,32.9,42.5,1061.1,958.9,-33.7,-81.9,27.2,161.7,Giá nằm dưới SMA(100),,2.73,812.8,1471.7,1536.7,1181.5,,5.0,-5.5,25.8,0.9,0.0,24.0,4370.0,0.0,1.9,,,,,248.86,1605.0,1558.0,-14.1,3.1,10.7,-4.2
VSH,HSX,"Điện, nước & xăng dầu khí đốt",11328.0,16.9,2.7,4.0,3.0,4.6,0.0,0.1,50.0,11.5,8.1,0.4,13.9,2.3,8.2,4.1,Giá cắt xuống SMA(5),Giá nằm dưới SMA(20),-29.04,35.45,-54.9,23.04,50.11,33.15,0.6,0.28,0.51,0.58,62.0,22.0,6.0,31.0,0.05,Mua < Bán,47.9,45.1,11.06,30.0,Chờ mua,Bán,-71.0,0.0,0.0,3449.0,MACD Histogram > 0 và tăng dần,0.2,0.1,0.1,0.0,,Giá nằm dưới SMA(50),,,,,Trung tính,0.52,-1.64,,-0.1,-1.64,0.04,269.17,Có,20.0,-23.3,-30.8,814.7,21.6,78.7,147.6,15077.8,-11.8,-10.4,7.4,2066.5,Giá nằm dưới SMA(100),,-0.1,5.6,8.3,11.4,54.6,93.0,14.0,-19.7,-38.1,0.5,0.1,166.0,502.0,5.2,9.3,,,,151.09,1744.75,4995.0,3449.0,-4.0,-0.7,-1.0,-3.9
VVS,UPCOM,Ô tô và phụ tùng,806.0,35.1,3.1,1.7,,3.8,0.5,0.2,94.4,10.2,1.3,0.1,6.2,1.9,6.6,6.4,,Giá nằm trên SMA(20),71.79,,296.23,,6.0,2.65,0.9,3.77,4.41,3.47,78.0,99.0,97.0,95.0,0.14,,37.2,67.3,0.01,92.0,,Mua,0.0,,1.0,6019.0,MACD Histogram < 0 và giảm dần,0.0,0.0,0.0,0.1,Giá cắt xuống SMA(10),Giá nằm trên SMA(50),,,,,Trung tính,-3.36,83.45,,-0.67,83.45,127.02,,Có,40.0,-29.0,-6.0,129.6,98.4,41.7,375.0,210.0,-5.8,-4.0,173.7,173.7,Giá nằm trên SMA(100),,-0.67,92.4,87.9,85.6,45.1,8.4,1.0,82.9,111.3,,0.0,55.0,2078.0,0.2,4.0,,,,347.24,,434.0,6019.0,96.2,9.8,45.8,69.5
