ticker,exchange,industry,market_cap,roe,stock_rating,business_operation,business_model,financial_health,alpha,beta,uptrend,active_buy_pct,strong_buy_pct,high_vol_match,forecast_vol_ratio,pe,pb,ev_ebitda,dividend_yield,price_vs_sma5,price_vs_sma20,revenue_growth_1y,revenue_growth_5y,eps_growth_1y,eps_growth_5y,gross_margin,net_margin,doe,avg_trading_value_5d,avg_trading_value_10d,avg_trading_value_20d,relative_strength_3d,rel_strength_1m,rel_strength_3m,rel_strength_1y,total_trading_value,foreign_transaction,price_near_realtime,rsi14,foreign_vol_pct,tc_rs,tcbs_recommend,tcbs_buy_sell_signal,foreign_buysell_20s,num_increase_continuous_day,num_decrease_continuous_day,eps,vol_vs_sma5,vol_vs_sma10,vol_vs_sma20,vol_vs_sma50,price_vs_sma10,price_vs_sma50,price_break_out52_week,price_wash_out52_week,sar_vs_macd_hist,bolling_band_signal,dmi_signal,rsi14_status,price_growth_1w,price_growth_1m,breakout,prev_1d_growth_pct,prev_1m_growth_pct,prev_1y_growth_pct,prev_5y_growth_pct,has_financial_report,free_transfer_rate,net_cash_per_market_cap,net_cash_per_total_assets,profit_last_4q,last_quarter_revenue_growth,second_quarter_revenue_growth,last_quarter_profit_growth,second_quarter_profit_growth,pct_1y_from_peak,pct_away_from_hist_peak,pct_1y_from_bottom,pct_off_hist_bottom,price_vs_sma100,heating_up,price_growth1_day,vsma5,vsma10,vsma20,vsma50,corporate_percentage,ev,quarter_revenue_growth,quarter_income_growth,peg_forward,peg_trailing,quarterly_income,quarterly_revenue,ps,roa,npl,nim,price_vs_sma200,eps_ttm_growth1_year,eps_ttm_growth5_year,equity_mi,eps_recently,percent_price_vs_ma200,percent_price_vs_ma20,percent_price_vs_ma50,percent_price_vs_ma100
ABB,UPCOM,Ngân hàng,14476.0,10.1,3.0,1.9,3.0,2.2,0.2,0.8,,32.4,27.5,1.1,1.2,9.9,0.9,,0.0,,Giá nằm trên SMA(20),4.27,4.43,29.12,-17.27,,42.32,,176.41,165.71,154.59,93.0,97.0,97.0,89.0,169.6,Mua > Bán,12.8,69.6,16.47,94.0,,Mua,558.0,2.0,,1406.0,0.2,0.2,0.2,0.4,,Giá nằm trên SMA(50),,,,,,Thoát vùng quá mua,-5.51,42.41,,-8.48,42.41,65.89,,Có,50.0,,,1455.3,72.0,48.8,277.8,116.3,-10.5,-22.2,109.8,127.9,Giá nằm trên SMA(100),,-8.48,10890.2,11291.2,12803.6,7221.8,34.2,,81.3,201.5,0.3,0.0,1002.0,2369.0,,0.8,2.7,1.9,,338.8,37.74,15327.0,1406.0,64.3,5.5,30.6,50.6
AME,HNX,Hàng & Dịch vụ Công nghiệp,587.0,4.0,2.2,2.4,3.5,2.2,0.2,0.7,,100.0,24.7,46.8,0.3,17.9,0.7,12.9,0.0,,,52.18,27.28,7.09,-14.33,5.97,1.29,1.6,0.0,0.01,0.01,27.0,26.0,10.0,50.0,0.0,,9.0,,2.28,28.0,,,2.0,0.0,0.0,503.0,,,,,,,,,,,,,4.65,12.5,,0.0,12.5,60.71,20.0,Có,15.0,-241.7,-41.7,32.8,18.1,133.1,135.1,48.4,-3.2,-55.5,109.3,643.7,Giá nằm trên SMA(100),,0.0,,,,,99.5,2.0,12.6,1090.4,,0.3,16.0,1266.0,0.1,1.1,,,,52.89,67.46,827.0,503.0,,,,
AVC,UPCOM,"Điện, nước & xăng dầu khí đốt",4113.0,32.6,2.8,4.5,3.0,4.2,0.0,0.3,,3.1,18.0,77.5,5.5,11.6,3.5,7.7,0.9,,Giá nằm dưới SMA(20),7.98,19.99,-14.22,58.28,44.01,31.03,0.0,0.06,0.09,0.09,72.0,16.0,20.0,35.0,0.18,,54.8,46.1,0.0,36.0,,Bán,0.0,0.0,0.0,4734.0,0.2,0.2,0.1,0.2,,Giá nằm dưới SMA(50),,,,,,Trung tính,-0.74,-3.71,,0.0,-3.71,1.88,250.52,Có,10.0,1.5,5.1,355.3,3.4,42.0,231.9,79.4,-8.7,-12.4,14.1,298.3,Giá nằm dưới SMA(100),,0.0,1.0,1.1,1.5,1.1,87.5,4.0,11.7,-24.2,0.0,0.1,45.0,146.0,5.2,27.3,,,,119.66,6396.03,1182.0,4734.0,-1.5,-0.7,-1.5,-1.1
BAB,HNX,Ngân hàng,16756.0,9.5,2.8,2.2,3.0,4.1,0.1,1.1,,52.1,34.9,8.9,0.4,15.0,1.4,,0.0,,Giá nằm trên SMA(20),20.18,10.8,18.36,-0.72,,24.55,,1.17,1.14,0.77,92.0,90.0,85.0,79.0,0.39,Mua > Bán,15.0,66.1,0.0,86.0,,Mua mạnh,5.0,1.0,,1057.0,0.0,0.0,0.0,0.1,,Giá nằm trên SMA(50),,,,,,Thoát vùng quá mua,0.0,22.95,,-5.66,22.95,37.12,19.96,Có,75.0,,,1114.1,17.2,14.1,49.4,8.2,-8.0,-40.8,55.7,54.1,Giá nằm trên SMA(100),,-5.66,63.1,74.0,57.6,34.5,,,3.6,-17.0,0.4,0.7,243.0,991.0,,0.7,1.3,2.0,,22.74,25.45,12204.0,1057.0,33.7,7.4,20.2,29.6
BMP,HSX,Xây dựng và Vật liệu,10724.0,41.7,3.0,4.2,3.9,5.0,0.0,0.6,,63.0,76.3,1.7,1.3,9.4,3.8,6.3,9.6,,Giá nằm dưới SMA(20),-10.5,1.25,-4.83,18.57,46.69,25.22,0.0,28.6,26.88,22.12,23.0,7.0,6.0,74.0,23.99,Mua > Bán,133.1,30.8,84.91,28.0,Chờ mua,Bán,-977.0,,2.0,13894.0,0.3,0.3,0.3,0.3,,Giá nằm dưới SMA(50),,,,,,Thoát vùng quá bán,-3.27,-8.77,,1.6,-8.77,40.54,275.65,Có,45.0,5.5,16.6,1137.4,13.4,37.9,17.7,51.1,-11.8,-8.8,43.5,8952.0,Giá nằm dưới SMA(100),,1.6,142.5,191.7,156.9,155.6,76.5,10.0,-5.4,15.0,0.4,0.4,330.0,1308.0,2.1,34.4,,,,21.54,140.37,2798.0,13894.0,3.7,-4.7,-5.6,-3.0
BSA,UPCOM,"Điện, nước & xăng dầu khí đốt",1567.0,12.8,2.7,2.3,3.0,4.6,0.0,0.3,,,63.1,24.5,0.1,13.2,1.6,6.7,0.0,,,-13.95,-1.46,-27.51,-10.83,35.16,66.68,0.2,0.03,0.15,0.32,80.0,46.0,38.0,49.0,0.0,,23.2,,0.0,53.0,,,0.0,0.0,0.0,1781.0,,,,,,,,,,,,,0.01,0.0,,-1.03,0.0,9.75,168.7,Có,15.0,-12.2,-16.2,119.0,57.0,47.5,1422.5,1904.9,-6.8,-4.6,16.0,196.3,Giá nằm trên SMA(100),,-1.03,,,,,76.0,2.0,28.3,380.8,0.2,0.1,43.0,64.0,4.7,9.7,,,,195.05,97.99,956.0,1781.0,,,,
BVL,UPCOM,Bất động sản,1724.0,23.6,3.0,2.6,,4.8,0.4,0.5,,28.8,51.2,11.4,0.9,6.6,1.4,6.7,0.0,,Giá nằm dưới SMA(20),-22.37,20.69,-78.12,,41.76,22.01,0.4,0.66,0.67,0.77,21.0,92.0,92.0,90.0,0.37,,18.0,46.8,0.0,74.0,,Bán,0.0,0.0,0.0,2936.0,0.2,0.1,0.1,0.2,,Giá nằm trên SMA(50),,,,,,Trung tính,-13.19,9.16,,-6.63,9.16,75.14,,Có,35.0,-25.6,-16.3,262.5,59.2,444.7,1464.0,37553.8,-15.5,-57.7,143.0,164.3,Giá nằm trên SMA(100),,-6.63,26.7,31.1,35.5,27.2,68.8,2.0,-4.3,-23.8,,0.0,113.0,514.0,1.2,11.9,,,,539.64,,1245.0,2936.0,54.7,-7.2,8.6,27.8
CHP,HSX,"Điện, nước & xăng dầu khí đốt",4995.0,23.1,2.7,3.2,3.0,4.8,0.0,0.5,,72.9,29.4,16.3,1.1,10.7,2.4,9.8,6.7,,Giá nằm dưới SMA(20),-7.62,2.67,-6.88,7.75,54.45,44.27,0.2,2.5,2.15,2.1,60.0,21.0,23.0,43.0,2.59,Mua < Bán,34.0,40.8,3.28,37.0,,Trung tính,-731.0,1.0,,3179.0,0.2,0.2,0.2,0.3,,Giá nằm dưới SMA(50),,,,,,Trung tính,-0.29,-3.13,,0.0,-3.13,5.62,165.7,Có,30.0,-3.9,-7.4,467.1,59.7,68.4,159.8,286.4,-13.1,-11.2,17.2,951.2,Giá nằm dưới SMA(100),,0.0,42.0,61.6,62.3,36.8,70.2,5.0,1.1,-12.6,0.6,0.1,105.0,237.0,5.0,17.3,,,,71.53,213.65,2051.0,3179.0,0.8,-0.3,-1.5,-0.4
CTG,HSX,Ngân hàng,278166.0,20.2,3.6,3.6,4.8,3.6,0.0,1.1,,42.3,75.7,5.1,1.7,9.2,1.7,,0.0,,Giá nằm trên SMA(20),16.1,15.12,27.36,19.11,,46.62,,736.39,716.55,626.07,93.0,79.0,75.0,84.0,1050.17,Mua < Bán,50.3,74.4,26.79,83.0,Chờ bán,Mua mạnh,-26873.0,3.0,,5608.0,0.6,0.5,0.5,0.7,,Giá nằm trên SMA(50),,,,,,Trung tính,0.2,11.28,,-2.9,11.28,47.08,210.22,Có,15.0,,,30112.9,6.5,7.3,80.2,9.3,-4.5,-2.9,53.8,828.7,Giá nằm trên SMA(100),,-2.9,11567.9,13330.1,14082.0,9848.2,86.6,,2.3,78.4,0.4,0.2,9670.0,20917.0,,1.3,1.3,2.7,,48.29,141.64,162724.0,5608.0,30.8,9.2,16.0,25.5
CTI,HSX,Xây dựng và Vật liệu,1575.0,10.1,2.2,2.4,3.1,2.0,0.2,0.9,,44.4,88.2,2.9,0.9,11.0,1.0,7.8,0.0,,Giá nằm dưới SMA(20),36.49,6.89,29.49,1.39,39.59,15.19,1.2,69.89,66.48,73.54,3.0,26.0,68.0,83.0,48.65,Mua > Bán,24.0,39.1,2.5,45.0,,Bán,-249.0,,3.0,2263.0,0.2,0.2,0.2,0.2,,Giá nằm dưới SMA(50),,,,,,Trung tính,-13.04,-3.61,,-4.0,-3.61,48.61,113.68,Có,95.0,-129.5,-42.6,142.6,36.9,9.8,163.6,36.9,-17.1,-22.1,62.2,692.1,Giá nằm trên SMA(100),,-4.0,2141.4,2275.2,2638.0,2395.5,18.3,4.0,24.3,38.2,0.5,0.1,53.0,351.0,1.3,3.1,,,,90.77,20.52,1573.0,2263.0,16.2,-7.1,-2.9,7.7
DBC,HSX,Thực phẩm và đồ uống,10565.0,25.1,2.7,3.0,3.8,3.6,0.0,1.2,,49.5,98.4,3.7,1.0,6.7,1.4,6.0,0.0,,Giá nằm dưới SMA(20),22.17,13.56,2975.45,-5.47,21.6,13.27,0.7,351.41,360.94,425.19,8.0,11.0,54.0,50.0,246.99,Mua > Bán,27.45,38.9,4.1,31.0,Chờ bán,Bán,-6728.0,,5.0,4070.0,0.3,0.3,0.2,0.3,,Giá nằm dưới SMA(50),,,,,,Trung tính,-12.16,-4.05,,0.0,-4.05,11.34,87.91,Có,65.0,-43.3,-31.4,1566.3,20.0,11.0,248.6,600.0,-15.2,-12.2,43.8,2392.8,Giá nằm trên SMA(100),,0.0,9925.4,10719.7,11769.7,11405.1,27.8,15.0,5.8,-0.3,0.1,0.0,507.0,3820.0,0.7,11.2,,,,560.99,-4.16,7576.0,4070.0,9.8,-6.5,-4.6,4.6
DDV,UPCOM,Hóa chất,4596.0,19.6,2.9,3.0,3.8,5.0,0.3,1.1,,40.8,69.4,0.3,1.5,13.0,2.4,8.7,4.7,,Giá nằm dưới SMA(20),5.79,15.38,144.05,97.14,14.86,9.55,0.0,60.64,58.79,64.27,13.0,59.0,79.0,87.0,69.99,Mua > Bán,29.7,42.1,4.92,60.0,Chờ mua,Bán,942.0,,3.0,2413.0,0.6,0.5,0.4,0.4,,Giá nằm trên SMA(50),,,,,,Trung tính,-12.63,0.0,,-5.58,0.0,61.91,523.32,Có,40.0,3.9,6.7,352.6,71.0,48.7,138.8,361.8,-15.9,-14.5,143.5,784.5,Giá nằm trên SMA(100),,-5.58,1281.3,1529.6,1916.9,1955.7,70.1,4.0,38.4,25.6,0.1,0.1,153.0,1601.0,1.0,14.5,,,,120.89,,1903.0,2413.0,38.2,-7.1,0.7,18.1
DRI,UPCOM,Hóa chất,891.0,27.4,2.9,3.6,3.2,4.4,-0.1,1.4,,25.9,33.2,0.0,1.4,5.7,1.4,3.5,7.4,,Giá nằm dưới SMA(20),6.21,-2.67,47.98,21.71,34.11,18.55,0.1,12.98,15.9,18.71,26.0,8.0,42.0,60.0,12.2,Mua > Bán,11.6,31.7,0.85,34.0,,Bán mạnh,0.0,,3.0,2122.0,0.2,0.1,0.1,0.1,,Giá nằm dưới SMA(50),,,,,,Trung tính,-8.41,-11.47,,-4.65,-11.47,16.19,301.75,Có,35.0,8.8,9.5,155.3,81.4,74.2,122.1,167.2,-29.2,-33.0,48.5,377.0,Giá nằm dưới SMA(100),,-4.65,833.1,1132.3,1340.3,1342.0,46.4,1.0,-44.7,-62.4,0.5,0.1,21.0,113.0,1.5,21.7,,,,113.46,1567.58,648.0,2122.0,-3.3,-6.0,-5.3,0.8
DTD,HNX,Bất động sản,1467.0,19.8,3.2,3.7,3.6,4.8,-0.2,1.6,,41.5,42.4,5.5,0.9,6.5,1.2,3.0,0.0,,Giá nằm trên SMA(20),-36.99,19.63,-44.56,-6.54,67.23,35.36,0.0,33.3,36.46,31.21,26.0,82.0,79.0,24.0,24.46,Mua < Bán,20.0,54.9,2.67,53.0,,Trung tính,1203.0,1.0,,3364.0,0.2,0.1,0.1,0.2,,Giá nằm trên SMA(50),,,,,,Trung tính,-11.89,9.89,,-9.09,9.89,-14.08,133.59,Có,55.0,14.2,8.5,224.3,333.1,8.6,628.5,32.8,-18.6,-32.7,71.8,462.9,Giá nằm trên SMA(100),,-9.09,1176.7,1373.1,1560.5,989.8,5.8,2.0,31.5,49.4,0.1,0.1,102.0,288.0,2.0,9.6,,,,101.21,85.42,1246.0,3364.0,11.2,1.3,13.2,25.0
DTK,HNX,"Điện, nước & xăng dầu khí đốt",8808.0,9.1,2.5,1.6,3.1,4.0,0.1,-0.1,,53.2,9.7,8.2,1.6,11.4,1.0,5.6,3.8,,,8.53,0.4,27.81,4.16,13.17,8.42,0.4,0.04,0.03,0.05,88.0,56.0,30.0,38.0,0.06,,12.1,,0.01,53.0,,,0.0,1.0,,1131.0,,,,,,,,,,,,,-3.2,-4.72,,-6.2,-4.72,-2.42,93.94,Có,0.7,-33.1,-19.0,772.0,2.9,16.5,21.4,10.5,-14.9,-22.3,15.5,144.6,Giá nằm dưới SMA(100),,-6.2,,,,,99.3,12.0,3.0,28.7,0.4,0.3,323.0,3832.0,0.7,4.8,,,,39.9,76.15,8673.0,1131.0,,,,
FOX,UPCOM,Viễn thông,49855.0,32.9,2.5,3.9,3.0,4.0,0.0,0.7,,36.6,35.6,1.3,0.8,16.3,5.3,11.9,8.2,Giá cắt lên SMA(5),Giá nằm dưới SMA(20),11.42,11.11,17.64,-1.61,50.43,18.51,0.9,15.71,16.21,15.57,72.0,4.0,51.0,54.0,8.72,,67.1,43.4,0.0,45.0,Chờ mua,Bán,0.0,1.0,,4151.0,0.2,0.1,0.1,0.2,,Giá cắt lên SMA(50),,,,,,Trung tính,-7.06,-9.64,,-0.57,-9.64,12.05,376.11,Có,4.2,-17.0,-33.6,3066.6,12.8,14.2,20.7,17.1,-16.6,-12.4,42.5,584.6,Giá nằm trên SMA(100),,-0.57,178.8,219.5,197.8,164.4,96.2,59.0,4.2,15.6,0.8,0.8,884.0,4775.0,2.7,13.0,,,,19.42,-4.92,9478.0,4151.0,8.4,-4.7,0.1,6.0
GCF,UPCOM,Thực phẩm và đồ uống,1380.0,21.1,2.4,2.3,,4.2,0.2,0.9,,60.0,37.5,20.7,0.8,15.8,3.2,11.6,7.0,,,21.91,,133.22,,36.56,14.55,0.5,0.19,0.22,0.22,32.0,62.0,19.0,87.0,0.12,,35.1,,0.31,50.0,,,39.0,,2.0,2224.0,,,,,,,,,,,,,-2.5,6.65,,0.02,6.65,69.84,,Có,50.0,-16.1,-29.1,87.5,41.1,24.4,14.7,209.2,-10.0,-2.5,92.6,217.1,Giá nằm trên SMA(100),,0.02,,,,,52.9,2.0,35.3,20.1,,0.2,29.0,200.0,2.1,12.6,,,,80.81,,437.0,2224.0,,,,
GEG,HSX,"Điện, nước & xăng dầu khí đốt",5608.0,11.7,2.4,2.8,3.0,3.6,0.1,0.9,,54.5,59.7,4.2,0.7,10.2,1.1,6.9,0.0,,Giá nằm dưới SMA(20),7.48,14.93,-16.34,-17.26,43.71,26.56,1.3,37.01,41.16,48.33,5.0,12.0,23.0,65.0,18.29,Mua > Bán,15.7,37.3,46.37,26.0,Chờ mua,Bán mạnh,26.0,,3.0,1529.0,0.2,0.1,0.1,0.1,,Giá nằm dưới SMA(50),,,,,,Trung tính,-9.25,-6.82,,0.32,-6.82,25.84,37.74,Có,3.0,-142.6,-52.7,547.8,28.0,50.5,672.7,321.9,-14.9,-34.8,50.2,169.2,Giá nằm dưới SMA(100),,0.32,1717.3,2190.3,2716.9,2480.2,100.0,15.0,-43.9,-56.2,0.1,0.0,166.0,624.0,2.0,3.5,,,,212.27,103.02,4937.0,1529.0,13.4,-6.9,-5.4,-0.3
GSM,UPCOM,"Điện, nước & xăng dầu khí đốt",881.0,23.2,3.0,3.8,3.4,4.8,0.2,0.3,,22.9,46.3,1.1,1.1,7.6,1.6,7.6,8.3,Giá cắt lên SMA(5),Giá cắt lên SMA(20),26.0,7.9,92.1,49.28,64.04,52.31,0.3,0.78,0.9,0.86,52.0,41.0,14.0,76.0,0.56,,30.6,52.0,0.01,46.0,,Mua,0.0,,2.0,4066.0,0.0,0.0,0.0,0.0,,Giá nằm trên SMA(50),,,,Tín hiệu mua,,Trung tính,-2.89,-1.96,,-0.83,-1.96,47.21,282.33,Có,20.0,-14.5,-16.7,116.1,186.9,115.1,912.7,1707.4,-10.0,-4.3,47.8,598.5,Giá nằm trên SMA(100),,-0.83,21.3,27.3,23.8,21.7,59.7,1.0,11.6,27.9,,0.0,28.0,54.0,4.0,15.5,,,,216.23,392.48,560.0,4066.0,11.2,0.1,0.9,3.0
HAH,HSX,Hàng & Dịch vụ Công nghiệp,10047.0,31.5,3.1,4.4,3.4,4.4,0.2,1.0,,38.0,94.0,2.2,1.2,9.4,2.5,5.5,2.7,,Giá nằm dưới SMA(20),52.8,29.2,69.0,9.14,44.44,28.37,0.5,231.74,259.01,368.92,5.0,74.0,50.0,90.0,187.7,Mua > Bán,56.1,47.5,6.22,55.0,Chờ mua,Bán,2178.0,,3.0,6362.0,0.4,0.3,0.2,0.3,,Giá nằm trên SMA(50),,,,,,Trung tính,-10.67,6.34,,-5.71,6.34,77.23,1427.98,Có,55.0,-12.6,-15.6,1074.3,34.3,66.0,223.4,293.7,-17.9,-12.9,90.7,2373.8,Giá nằm trên SMA(100),,-5.71,2975.3,3795.2,4840.6,4105.4,56.6,12.0,9.0,55.0,0.1,0.0,362.0,1275.0,2.1,15.3,,,,216.22,269.61,4026.0,6362.0,27.6,-3.3,4.2,9.8
HDB,HSX,Ngân hàng,116211.0,25.3,3.1,4.8,3.0,1.9,0.0,1.2,,34.8,86.5,4.4,0.9,8.1,1.8,,0.0,,Giá nằm trên SMA(20),28.84,24.48,26.73,15.08,,31.59,,953.28,935.96,825.85,95.0,93.0,88.0,81.0,738.58,Mua > Bán,31.85,74.8,17.43,89.0,Chờ bán,Mua mạnh,-810.0,1.0,,4088.0,0.3,0.3,0.3,0.4,,Giá nằm trên SMA(50),,,,,,Trung tính,2.91,30.0,,-4.21,30.0,41.04,357.2,Có,75.0,,,14287.9,40.3,18.7,12.8,36.2,-6.2,-4.2,76.9,620.9,Giá nằm trên SMA(100),Tăng nóng vào phiên hôm trước,-4.21,24192.7,28812.1,26326.9,21064.5,21.6,,26.4,-17.0,0.3,0.4,3515.0,11636.0,,2.0,2.5,5.2,,18.58,149.64,62176.0,4088.0,42.3,12.6,27.7,39.6
HDM,UPCOM,Hàng cá nhân & Gia dụng,741.0,32.3,3.3,3.5,3.0,4.0,0.0,0.8,,65.8,68.9,8.3,2.0,5.2,1.5,4.3,9.2,,Giá nằm trên SMA(20),6.03,2.29,14.56,25.71,15.16,8.92,0.8,0.71,0.58,0.42,38.0,76.0,49.0,69.0,0.87,,37.0,57.2,0.09,58.0,,Mua mạnh,-1.0,1.0,,7073.0,0.6,0.7,1.1,1.2,,Giá nằm trên SMA(50),,,,,,Thoát vùng quá mua,4.72,1.85,Tín hiệu mua,0.39,1.85,18.91,636.7,Có,35.0,-33.1,-20.0,142.1,30.9,4.3,79.7,40.5,-5.1,-2.2,25.4,12384.3,Giá nằm trên SMA(100),,0.39,19.3,16.0,11.0,9.9,76.2,1.0,19.6,71.9,0.1,0.1,54.0,601.0,0.4,12.3,,,,40.58,,484.0,7073.0,9.7,2.5,7.3,10.7
HGM,HNX,Tài nguyên Cơ bản,3856.0,120.1,3.0,5.0,3.5,4.2,0.7,0.5,,43.6,66.4,72.2,1.9,9.2,7.9,7.1,6.2,,Giá nằm dưới SMA(20),110.86,32.94,233.91,94.64,86.06,73.38,0.0,1.89,1.56,1.9,22.0,15.0,30.0,99.0,2.82,,300.0,40.7,0.26,42.0,,Bán,8.0,1.0,,33427.0,0.7,0.7,0.7,0.7,,Giá cắt xuống SMA(50),,,,,,Trung tính,-6.83,-13.07,,-1.96,-13.07,364.24,1004.12,Có,40.0,6.7,41.7,421.2,233.4,193.7,310.2,441.2,-25.6,-18.2,419.9,3174.7,Giá nằm dưới SMA(100),,-1.96,4.6,4.6,4.9,4.6,62.9,4.0,81.1,101.1,,0.0,205.0,279.0,5.8,95.0,,,,350.61,12177.87,489.0,33427.0,12.6,-6.4,-0.5,-0.6
HHV,HSX,Xây dựng và Vật liệu,7461.0,5.3,2.6,3.7,3.3,1.6,0.0,1.1,,45.6,53.8,0.8,1.0,15.0,0.7,15.6,0.0,,Giá nằm trên SMA(20),23.19,47.3,32.38,2.65,40.88,13.79,1.6,392.21,362.14,295.72,17.0,81.0,74.0,67.0,310.65,Mua > Bán,14.85,62.3,10.9,60.0,Chờ bán,Mua,3517.0,,2.0,1001.0,0.3,0.2,0.3,0.4,,Giá nằm trên SMA(50),,,,,,Trung tính,0.34,15.56,,-1.0,15.56,28.33,21.48,Có,80.0,-242.7,-45.5,497.8,16.4,6.5,19.4,52.3,-11.6,-30.3,60.4,556.3,Giá nằm trên SMA(100),,-1.0,21245.0,22244.7,21085.6,15149.9,26.4,27.0,28.8,-10.7,0.5,0.4,131.0,947.0,2.1,1.3,,,,39.13,,10311.0,1001.0,27.0,6.0,15.4,22.7
HPW,UPCOM,"Điện, nước & xăng dầu khí đốt",1373.0,12.4,2.6,2.3,3.5,4.4,0.1,0.1,,100.0,7.0,43.5,0.6,11.1,1.4,5.4,5.5,,Giá cắt lên SMA(20),13.85,6.01,8.63,4.2,38.51,10.64,0.8,0.06,0.03,0.07,72.0,34.0,8.0,27.0,0.01,,20.0,80.4,0.14,35.0,,Mua mạnh,0.0,0.0,0.0,1660.0,0.0,0.1,0.0,0.0,Giá cắt lên SMA(10),Giá cắt lên SMA(50),,,Tín hiệu mua,Tín hiệu mua,,Vào vùng quá mua,8.11,7.41,Tín hiệu mua,8.11,7.41,4.79,99.32,Có,15.0,-60.2,-38.7,123.2,3.4,19.8,89.9,6.9,-7.0,-18.0,29.5,414.6,Giá nằm trên SMA(100),,8.11,3.1,1.6,3.9,3.8,80.6,2.0,6.6,112.2,,0.5,37.0,346.0,1.0,5.8,,,,22.98,41.8,1004.0,1660.0,17.0,12.4,13.7,12.3
HTG,HSX,Hàng cá nhân & Gia dụng,1707.0,37.9,3.0,2.9,3.0,3.8,0.0,0.8,,22.3,47.6,5.2,1.4,4.9,1.7,4.8,8.3,,Giá nằm dưới SMA(20),8.57,3.71,63.34,8.85,16.51,9.85,1.2,2.18,2.05,2.17,36.0,52.0,66.0,57.0,2.66,,47.0,52.6,0.02,53.0,Chờ mua,Trung tính,0.0,0.0,0.0,9749.0,0.2,0.2,0.2,0.2,,Giá nằm trên SMA(50),,,,,,Trung tính,0.0,1.08,,-0.84,1.08,15.74,522.78,Có,30.0,-43.5,-23.6,351.0,19.7,8.3,84.3,24.5,-10.5,-9.6,33.0,732.2,Giá nằm trên SMA(100),,-0.84,42.6,41.5,39.8,40.5,63.0,2.0,2.5,129.5,0.2,0.1,129.0,1309.0,0.3,11.7,,,,57.87,212.17,1027.0,9749.0,5.3,-0.8,4.3,10.4
HTI,HSX,Xây dựng và Vật liệu,569.0,25.0,2.9,2.8,3.5,4.2,0.2,0.5,,38.9,67.7,39.6,1.0,4.4,1.0,7.5,12.0,,Giá nằm dưới SMA(20),11.24,5.25,11.27,-1.81,47.6,28.49,1.0,2.78,4.44,5.53,79.0,86.0,78.0,48.0,2.45,Mua < Bán,22.1,52.7,6.71,73.0,,Trung tính,-194.0,1.0,,5146.0,0.1,0.0,0.0,0.0,,Giá nằm trên SMA(50),,,,,,Trung tính,-5.96,-4.12,,-3.07,-4.12,52.49,218.52,Có,40.0,-96.2,-34.9,128.4,12.1,2.3,122.6,299.6,-10.2,-9.2,53.9,1639.1,Giá nằm trên SMA(100),,-3.07,85.2,170.3,206.7,182.3,72.1,1.0,15.7,-36.9,,0.0,37.0,130.0,1.1,8.5,,,,113.54,98.75,553.0,5146.0,30.7,-1.8,9.1,18.3
HUG,UPCOM,Hàng cá nhân & Gia dụng,596.0,29.2,2.7,2.2,3.0,3.6,0.1,0.6,,100.0,39.4,31.2,0.3,7.3,2.0,6.0,5.9,Giá cắt lên SMA(5),Giá nằm dưới SMA(20),-1.76,-1.0,-16.14,-11.41,27.19,11.03,0.0,0.03,0.03,0.04,63.0,58.0,59.0,61.0,0.0,,31.8,49.6,0.0,60.0,,Trung tính,0.0,0.0,0.0,4189.0,0.1,0.1,0.1,0.1,Giá cắt lên SMA(10),Giá nằm dưới SMA(50),,,,,,Trung tính,2.09,4.78,,4.18,4.78,-7.8,43.49,Có,60.0,10.3,9.9,81.7,57.1,12.5,94.6,53.8,-12.9,-21.0,16.9,736.9,Giá nằm dưới SMA(100),,4.18,0.8,0.8,0.9,0.9,35.0,1.0,21.2,50.1,0.0,0.3,25.0,227.0,0.8,13.9,,,,21.24,2.9,293.0,4189.0,-6.2,-0.1,-4.5,-7.0
HVT,HNX,Hóa chất,890.0,23.2,2.6,2.8,3.0,4.0,-0.1,0.9,,33.3,35.6,7.3,0.3,9.1,2.0,7.8,3.5,,Giá nằm dưới SMA(20),15.27,8.27,25.25,-5.12,19.9,6.39,0.4,1.03,1.45,2.62,58.0,5.0,53.0,36.0,0.28,,31.7,36.5,1.09,38.0,,Bán,-14.0,1.0,,3575.0,0.0,0.0,0.0,0.0,,Giá nằm dưới SMA(50),,,,,,Trung tính,-5.37,-12.19,,-2.16,-12.19,0.52,238.82,Có,30.0,-18.8,-20.5,98.2,5.5,14.8,46.2,55.1,-33.5,-29.9,15.6,4109.0,Giá nằm dưới SMA(100),,-2.16,21.3,37.1,66.9,78.1,68.5,1.0,-2.7,50.7,0.1,0.1,24.0,382.0,0.6,12.1,,,,125.82,13.63,447.0,3575.0,-11.0,-3.3,-5.4,-1.2
ILB,HSX,Hàng & Dịch vụ Công nghiệp,1114.0,17.5,3.0,3.0,3.5,4.4,0.0,0.5,,55.8,57.3,2.9,0.9,10.1,1.4,3.7,5.4,,Giá cắt xuống SMA(20),-6.65,3.48,-1.17,0.75,38.2,19.85,0.2,0.24,0.33,0.33,72.0,61.0,33.0,47.0,0.25,Mua > Bán,28.6,48.0,12.84,53.0,,Trung tính,-2.0,0.0,0.0,2894.0,0.4,0.2,0.2,0.2,,Giá nằm trên SMA(50),,,,Tín hiệu bán,,Trung tính,-3.05,4.0,,-1.89,4.0,7.12,165.75,Có,45.0,28.0,16.3,110.5,12.0,8.0,48.5,10.5,-18.1,-16.7,19.4,266.6,Giá nằm trên SMA(100),,-1.89,4.5,10.5,11.7,9.4,72.0,1.0,7.9,-7.8,0.1,0.6,26.0,133.0,2.1,6.3,,,,16.21,17.72,771.0,2894.0,1.2,-1.0,1.7,1.4
IST,UPCOM,Hàng & Dịch vụ Công nghiệp,563.0,31.1,3.0,3.0,3.5,4.0,0.0,1.0,,100.0,68.8,55.1,0.3,7.5,2.3,5.2,5.7,,,9.16,9.93,19.29,6.26,30.86,19.83,0.1,0.04,0.03,0.03,53.0,87.0,46.0,,0.01,,37.5,,0.18,62.0,,,1.0,0.0,0.0,4991.0,,,,,,,,,,,,,-13.79,5.34,,0.0,5.34,23.67,332.39,Có,30.0,16.3,16.6,74.9,16.2,17.6,41.1,9.5,-13.8,-13.8,35.9,618.8,Giá nằm trên SMA(100),,0.0,,,,,75.0,0.0,16.3,60.6,,0.6,27.0,137.0,1.1,14.2,,,,13.27,48.93,241.0,4991.0,,,,
KLB,UPCOM,Ngân hàng,8881.0,17.7,3.3,3.7,3.0,3.2,0.2,0.9,,38.3,33.0,9.6,0.8,7.5,1.2,,0.0,,Giá nằm trên SMA(20),42.2,26.89,54.62,67.32,,37.91,,19.54,16.6,15.85,91.0,83.0,97.0,93.0,12.35,Mua > Bán,23.3,71.3,1.37,91.0,,Mua mạnh,176.0,2.0,,3275.0,0.2,0.2,0.2,0.2,,Giá nằm trên SMA(50),,,,,,Trung tính,-0.53,16.34,,-5.17,16.34,92.72,169.56,Có,95.0,,,1183.7,9.7,47.2,67.7,66.8,-9.3,-42.0,145.3,245.1,Giá nằm trên SMA(100),,-5.17,661.9,621.7,682.4,722.2,10.9,,5.1,58.6,0.1,0.1,451.0,1191.0,,1.3,2.0,3.9,,70.91,3713.91,7246.0,3275.0,68.5,5.5,19.7,43.8
M10,UPCOM,Hàng cá nhân & Gia dụng,681.0,23.2,2.6,2.3,3.0,3.0,-0.1,1.1,,65.3,32.7,23.3,0.4,5.3,1.2,9.7,6.1,,,12.26,6.76,-5.25,6.51,9.6,3.48,1.3,0.3,0.36,0.28,61.0,57.0,28.0,72.0,0.1,,21.1,,0.0,54.0,,,0.0,1.0,,4014.0,,,,,,,,,,,,,-2.18,0.58,,-1.65,0.58,-6.25,91.56,Có,65.0,-86.9,-23.4,127.5,31.8,14.2,145.4,19.5,-23.4,-19.1,24.9,124.0,Giá nằm trên SMA(100),,-1.65,,,,,32.2,1.0,-7.7,13.8,0.1,0.2,40.0,1159.0,0.1,5.1,,,,22.85,78.94,582.0,4014.0,,,,
MNB,UPCOM,Hàng cá nhân & Gia dụng,536.0,25.7,2.5,2.2,3.4,2.6,0.1,0.6,,94.7,35.3,0.2,0.0,4.8,1.1,5.8,8.3,Giá cắt lên SMA(5),Giá nằm dưới SMA(20),23.71,-0.85,186.67,11.12,16.8,1.87,3.0,4.26,2.29,1.03,1.0,82.0,15.0,15.0,0.05,,26.8,47.4,0.24,28.0,,Trung tính,-5.0,,1.0,5575.0,0.0,0.0,0.0,0.0,,Giá cắt lên SMA(50),,,,,,Trung tính,-17.87,-0.55,,-0.04,-0.55,13.78,21.71,Có,35.0,-253.7,-44.7,111.5,24.3,15.1,85.5,171.6,-22.7,-19.8,16.1,89.3,Giá nằm dưới SMA(100),,-0.04,158.8,83.8,42.9,17.8,49.6,2.0,31.9,5.5,,0.0,25.0,1329.0,0.1,3.8,,,"{'vi': 'Giá cắt lên SMA(200)', 'en': 'Price cross above SMA(200)'}",257.85,287.93,473.0,5575.0,0.2,-3.7,1.8,0.4
MSH,HSX,Hàng cá nhân & Gia dụng,3961.0,29.0,2.6,2.2,3.4,4.4,0.1,0.9,,37.9,69.3,1.1,0.8,7.2,2.0,7.0,10.1,Giá cắt lên SMA(5),Giá nằm dưới SMA(20),16.26,3.66,68.69,-16.43,21.03,12.27,0.6,21.42,28.13,28.02,17.0,9.0,36.0,54.0,11.83,Mua < Bán,35.7,45.3,5.12,29.0,Chờ mua,Trung tính,-563.0,,5.0,4865.0,0.4,0.3,0.3,0.3,,Giá nằm dưới SMA(50),,,,,,Trung tính,-7.15,-4.55,,1.42,-4.55,12.95,268.52,Có,35.0,-21.5,-17.8,547.5,10.0,34.5,108.3,61.4,-14.7,-13.2,41.9,368.2,Giá nằm trên SMA(100),,1.42,469.0,650.0,722.0,546.2,12.3,5.0,41.6,113.1,0.7,0.1,180.0,1467.0,0.7,12.2,,,"{'vi': 'Giá cắt lên SMA(200)', 'en': 'Price cross above SMA(200)'}",101.87,2.98,1993.0,4865.0,3.7,-3.0,-2.4,4.0
MVB,HNX,Tài nguyên Cơ bản,1880.0,16.1,2.8,1.9,3.9,4.2,-0.1,0.8,,21.1,14.6,20.8,1.3,7.0,1.1,3.4,5.5,,Giá nằm dưới SMA(20),7.88,1.22,-7.6,-4.4,18.25,5.95,0.1,0.24,0.22,0.25,58.0,40.0,4.0,14.0,0.13,,17.5,37.0,0.07,29.0,,Bán mạnh,6.0,,2.0,2546.0,0.3,0.3,0.3,0.3,,Giá nằm dưới SMA(50),,,,,,Trung tính,-3.31,-5.41,,-2.23,-5.41,-8.6,192.71,Có,1.8,5.1,2.7,267.4,18.9,18.3,35.8,38.9,-40.7,-35.8,5.0,1358.6,Giá nằm dưới SMA(100),,-2.23,10.8,10.5,12.0,10.5,98.2,2.0,11.4,42.1,0.1,0.2,92.0,1543.0,0.3,7.9,,,,28.38,-12.35,1722.0,2546.0,-10.6,-4.0,-3.7,-8.9
MVC,UPCOM,Xây dựng và Vật liệu,1477.0,9.4,2.9,2.2,3.2,4.6,0.2,1.2,,39.3,51.2,13.7,2.2,12.6,1.2,19.0,4.9,,Giá cắt xuống SMA(20),7.74,-5.9,20.53,-3.57,28.95,25.54,0.2,1.47,2.06,2.93,57.0,96.0,95.0,89.0,2.6,,13.9,58.0,0.0,84.0,,Trung tính,0.0,1.0,,1174.0,0.0,0.0,0.0,0.0,,Giá nằm trên SMA(50),,,,Tín hiệu bán,,Trung tính,-11.03,23.76,,-5.87,23.76,65.77,78.12,Có,35.0,-13.6,-12.5,117.4,23.2,21.5,68.5,122.2,-18.2,-12.6,110.9,277.4,Giá nằm trên SMA(100),,-5.87,74.1,117.0,195.6,119.4,65.3,2.0,19.9,109.2,,0.3,46.0,182.0,2.2,7.5,,,,47.61,23.36,1283.0,1174.0,47.3,-0.7,19.6,36.7
NAB,HSX,Ngân hàng,27880.0,20.2,3.0,4.4,3.4,2.2,0.0,0.8,,53.8,49.7,1.4,2.0,7.2,1.3,,0.0,,Giá nằm trên SMA(20),18.42,29.7,37.59,8.08,,38.15,,55.37,48.74,38.93,85.0,73.0,62.0,63.0,94.17,Mua > Bán,16.45,72.6,1.79,71.0,,Mua mạnh,-3943.0,2.0,,2243.0,1.0,1.1,1.2,1.4,,Giá nằm trên SMA(50),,,,,,Vào vùng quá mua,0.92,13.45,,1.23,13.45,20.6,,Có,80.0,,,3848.0,17.1,15.7,6.5,22.3,-1.2,0.9,37.1,348.2,Giá nằm trên SMA(100),,1.23,2922.1,2832.3,2458.8,2148.8,30.0,,18.9,6.0,0.5,0.3,1035.0,2712.0,,1.4,2.8,3.1,,21.19,250.23,21240.0,2243.0,22.6,7.3,14.2,19.3
NCS,UPCOM,Thực phẩm và đồ uống,677.0,33.7,2.8,2.5,3.5,3.8,0.1,0.4,,,43.7,55.9,0.4,10.9,3.2,6.7,0.0,,,19.28,2.49,18.59,9.77,16.75,8.66,0.5,0.36,0.41,0.33,91.0,80.0,85.0,44.0,0.09,Mua > Bán,37.1,,4.01,75.0,,,155.0,,1.0,3473.0,,,,,,,,,,,,,-0.95,9.15,,-1.59,9.15,30.63,129.87,Có,30.0,-13.2,-19.4,62.3,24.2,16.5,44.3,14.6,-2.6,-15.7,62.0,505.0,Giá nằm trên SMA(100),,-1.59,,,,,71.9,1.0,-2.9,0.5,,0.8,17.0,202.0,0.8,13.5,,,,13.43,,214.0,3473.0,,,,
NFC,HNX,Hóa chất,818.0,37.4,2.8,3.6,,4.2,0.8,0.2,,70.3,75.8,15.9,3.5,9.6,3.2,6.2,12.4,Giá cắt lên SMA(5),Giá nằm dưới SMA(20),25.85,13.85,58.96,36.92,24.44,7.63,0.0,0.36,1.67,0.85,12.0,14.0,11.0,98.0,0.52,,57.2,50.8,0.06,34.0,,Mua,0.0,,2.0,5427.0,2.1,0.3,0.5,0.8,Giá cắt lên SMA(10),Giá cắt lên SMA(50),,,,,,Trung tính,3.25,-5.45,,10.0,-5.45,234.26,1330.73,Có,30.0,17.7,34.5,85.4,25.4,61.8,76.2,273.5,-16.9,-16.9,312.6,2053.8,Giá nằm trên SMA(100),,10.0,4.1,29.4,15.8,10.1,63.1,1.0,-18.0,-27.0,,0.1,28.0,371.0,0.7,24.2,,,,139.71,1062.51,253.0,5427.0,67.2,-0.4,0.4,16.4
NTH,HNX,"Điện, nước & xăng dầu khí đốt",567.0,34.0,3.2,3.5,3.1,5.0,0.0,-0.1,,50.0,45.2,25.1,0.1,9.2,3.1,8.5,8.9,,,-7.08,0.79,-7.07,6.26,59.84,53.91,0.0,0.11,0.06,0.07,98.0,98.0,90.0,62.0,0.01,Mua > Bán,52.0,,0.14,87.0,,,2.0,,1.0,5706.0,,,,,,,,,,,,,-1.89,-0.04,,-0.95,-0.04,4.72,192.92,Có,55.0,3.0,8.6,61.6,20.6,30.0,30.2,43.0,-13.1,-13.1,12.5,274.6,Giá nằm trên SMA(100),,-0.95,,,,,,1.0,-12.9,-17.4,,0.3,17.0,32.0,4.7,30.7,,,,27.06,200.69,186.0,5706.0,,,,
NTP,HNX,Xây dựng và Vật liệu,10211.0,26.1,2.5,3.0,3.0,4.4,0.0,1.0,,58.8,56.9,0.4,0.7,11.1,2.7,9.6,4.9,,Giá nằm dưới SMA(20),9.29,3.89,31.51,4.37,32.04,16.1,0.5,32.78,28.98,31.27,10.0,2.0,26.0,44.0,16.5,Mua > Bán,60.1,38.2,18.12,20.0,Chờ mua,Bán,-1017.0,,3.0,5384.0,0.2,0.2,0.2,0.2,,Giá nằm dưới SMA(50),,,,,,Thoát vùng quá bán,-6.82,-12.77,,0.67,-12.77,6.45,283.44,Có,55.0,-14.9,-22.7,920.9,18.5,33.8,34.5,94.4,-16.3,-14.1,50.4,3912.4,Giá nằm dưới SMA(100),,0.67,403.8,423.6,433.3,430.4,73.5,12.0,56.9,51.2,0.2,0.3,321.0,1991.0,1.6,15.0,,,,39.51,76.92,3771.0,5384.0,9.2,-4.6,-6.1,-0.3
PDN,HSX,Hàng & Dịch vụ Công nghiệp,5223.0,34.4,3.0,4.6,3.3,5.0,0.1,0.6,,80.0,30.0,26.4,0.7,13.0,4.1,10.8,6.7,,Giá nằm dưới SMA(20),14.57,12.52,17.88,-3.26,37.53,32.01,0.1,0.17,0.38,0.41,72.0,20.0,44.0,65.0,0.09,,92.9,32.7,0.36,50.0,,Bán,0.0,,1.0,7226.0,0.2,0.1,0.1,0.0,,Giá nằm dưới SMA(50),,,,,,Trung tính,-2.21,-5.4,,-1.17,-5.4,22.23,333.32,Có,20.5,4.2,12.2,401.5,21.8,13.1,47.0,16.6,-11.9,-11.7,42.8,,Giá nằm trên SMA(100),,-1.17,1.2,3.8,3.6,4.1,90.1,5.0,10.6,26.5,0.1,0.6,125.0,392.0,3.6,24.2,,,,21.21,-4.3,1273.0,7226.0,12.7,-3.8,-4.2,1.4
PIC,HNX,"Điện, nước & xăng dầu khí đốt",573.0,12.8,2.9,3.0,3.5,4.8,0.0,0.1,,56.4,16.4,2.4,2.1,11.7,1.5,5.9,4.2,,Giá nằm dưới SMA(20),-15.32,3.48,-15.59,11.69,53.8,35.06,0.1,0.19,0.18,0.24,95.0,3.0,75.0,39.0,0.25,,16.9,23.6,0.01,53.0,,Bán mạnh,0.0,,1.0,1465.0,0.2,0.2,0.2,0.1,,Giá nằm dưới SMA(50),,,,,,Trung tính,-6.63,-13.33,,-1.74,-13.33,-34.64,135.58,Có,20.0,-0.6,-0.7,48.8,81.9,35.9,954.9,53.4,-34.6,-36.0,4.7,278.7,Giá nằm dưới SMA(100),,-1.74,9.6,9.2,8.9,13.2,83.4,1.0,-19.1,-32.7,,0.1,12.0,33.0,4.0,11.4,,,,93.46,525.42,394.0,1465.0,-12.8,-5.9,-9.8,-16.7
PPH,UPCOM,Hàng cá nhân & Gia dụng,2081.0,22.4,2.5,2.8,3.0,3.4,-0.1,0.7,,66.7,55.2,1.1,0.5,5.1,1.1,39.1,8.7,,Giá nằm dưới SMA(20),27.63,-7.72,20.04,12.21,19.42,16.43,0.6,0.69,0.72,0.83,72.0,28.0,45.0,33.0,0.29,,27.8,46.1,0.02,44.0,Chờ mua,Trung tính,0.0,0.0,0.0,5476.0,0.0,0.0,0.0,0.0,,Giá nằm dưới SMA(50),,,,,,Trung tính,-1.06,-0.15,,-0.24,-0.15,0.33,236.38,Có,35.0,-48.6,-27.0,408.9,10.9,21.1,27.6,13.5,-11.5,-9.3,25.8,357.6,Giá nằm trên SMA(100),,-0.24,17.1,25.3,27.0,28.1,67.3,3.0,2.9,-10.5,0.7,0.1,100.0,611.0,0.9,11.5,,,,36.53,69.37,1914.0,5476.0,0.5,-1.1,-0.1,3.3
PTB,HSX,Tài nguyên Cơ bản,3528.0,14.2,2.3,1.9,3.0,4.0,-0.1,0.5,,14.6,87.3,0.8,1.7,8.6,1.2,5.8,3.9,,Giá nằm dưới SMA(20),15.09,3.11,43.03,-9.27,20.53,6.73,0.5,10.25,10.61,8.86,26.0,16.0,31.0,10.0,13.83,Mua < Bán,50.6,34.3,13.46,21.0,Chờ mua,Bán mạnh,-38.0,1.0,,6130.0,0.4,0.3,0.4,0.5,,Giá nằm dưới SMA(50),,,,,,Trung tính,-8.5,-8.17,,-3.98,-8.17,-20.44,86.71,Có,50.0,-20.5,-12.7,410.3,18.4,12.8,16.1,26.7,-23.2,-36.2,16.4,4812.4,Giá nằm dưới SMA(100),,-3.98,153.0,187.6,169.9,135.5,4.9,4.0,17.6,13.5,0.4,0.3,128.0,1905.0,0.5,7.6,,,,25.11,7.53,2960.0,6130.0,-8.0,-4.8,-4.4,-1.4
PVS,HNX,Dầu khí,16729.0,9.3,2.5,1.5,3.6,4.8,-0.1,1.2,,40.6,43.7,0.9,0.9,13.2,1.2,22.0,0.0,,Giá nằm dưới SMA(20),22.69,7.2,4.22,0.71,5.97,4.89,0.1,341.29,419.79,357.07,12.0,50.0,73.0,16.0,237.08,Mua < Bán,34.2,50.7,11.26,38.0,Chờ bán,Trung tính,-4420.0,,3.0,2649.0,0.4,0.3,0.3,0.3,,Giá nằm trên SMA(50),,,,,,Trung tính,-8.8,2.4,,-2.29,2.4,-14.38,233.3,Có,50.0,65.9,30.9,1265.9,32.5,62.1,84.6,10.3,-18.4,-23.9,59.8,788.6,Giá nằm trên SMA(100),,-2.29,7113.5,8677.5,9915.9,8607.5,78.6,7.0,22.8,8.8,0.9,0.4,361.0,7383.0,0.6,4.0,,,,37.08,53.73,14004.0,2649.0,9.0,-0.7,3.0,14.0
REE,HSX,"Điện, nước & xăng dầu khí đốt",35804.0,12.8,2.8,3.5,4.1,4.8,0.0,0.8,,38.4,95.4,0.4,0.9,15.0,1.8,10.7,1.7,Giá cắt xuống SMA(5),Giá nằm dưới SMA(20),-2.17,11.39,-8.91,-7.05,33.94,24.81,0.4,76.23,84.79,79.85,72.0,20.0,35.0,48.0,54.59,Mua < Bán,64.3,41.1,49.0,44.0,Chờ bán,Bán,-13.0,1.0,,4418.0,0.2,0.2,0.1,0.2,,Giá nằm dưới SMA(50),,,,,,Trung tính,-5.99,-6.27,,-2.72,-6.27,6.94,233.97,Có,35.0,-14.8,-14.3,2393.0,15.2,12.6,76.2,27.2,-9.7,-7.8,29.5,14605.4,Giá nằm dưới SMA(100),,-2.72,888.2,1067.3,1154.7,1062.5,57.3,45.0,21.5,2.0,0.4,0.4,623.0,2514.0,4.0,6.7,,,,33.83,5.96,19652.0,4418.0,6.9,-1.9,-2.8,2.1
SHB,HSX,Ngân hàng,84984.0,18.3,2.9,4.0,2.9,1.9,0.3,1.0,,38.8,93.9,2.7,1.2,7.8,1.3,,6.3,,Giá nằm trên SMA(20),10.52,20.21,27.27,17.48,,35.0,,2296.06,2129.84,2010.75,37.0,97.0,93.0,95.0,2105.25,Mua < Bán,17.3,70.7,5.07,80.0,Chờ bán,Mua,20246.0,1.0,,2379.0,0.3,0.2,0.2,0.3,,Giá nằm trên SMA(50),,,,,,Trung tính,-4.18,33.89,,-6.49,33.89,110.47,223.84,Có,70.0,,,10930.3,135.1,3.6,57.8,8.9,-11.1,-8.2,124.1,1497.4,Giá nằm trên SMA(100),,-6.49,97225.4,102086.7,115137.6,86080.7,15.5,,70.3,3.2,0.1,0.2,3607.0,10304.0,,1.5,2.6,3.8,,34.41,187.55,63114.0,2379.0,73.7,8.2,29.6,44.7
SJG,UPCOM,Xây dựng và Vật liệu,8833.0,11.4,2.3,2.3,2.9,3.4,0.1,0.8,,100.0,28.0,122.6,0.7,11.3,1.2,10.4,0.0,,Giá cắt lên SMA(20),-0.93,-4.47,42.19,31.26,17.28,14.11,0.7,0.04,0.06,0.09,14.0,60.0,29.0,80.0,0.03,,20.0,51.4,0.0,46.0,,Trung tính,0.0,1.0,,1736.0,0.5,0.2,0.1,0.2,,Giá nằm trên SMA(50),,,,Tín hiệu mua,,Trung tính,4.44,7.18,,1.78,7.18,51.78,382.32,Có,0.2,-55.6,-21.7,780.5,20.3,26.0,90.1,1359.4,-35.3,-38.2,52.9,530.4,Giá nằm trên SMA(100),,1.78,1.1,2.9,4.1,2.8,99.8,16.0,40.9,453.1,0.7,0.1,260.0,1841.0,1.4,3.4,,,,78.49,772.92,7139.0,1736.0,6.1,0.1,5.7,8.4
SZG,UPCOM,Bất động sản,2319.0,27.0,3.2,2.7,3.4,5.0,0.1,0.3,,,6.1,,,9.9,2.5,4.9,4.6,,,3.42,,-2.57,,61.53,41.74,0.0,0.04,0.03,0.05,98.0,68.0,53.0,71.0,,,,,0.0,72.0,,,0.0,1.0,,4247.0,,,,,,,,,,,,,,,,,,,,Có,25.0,28.5,15.1,233.2,39.4,16.5,96.5,53.0,,,,,,,,,,,,46.5,2.0,31.5,5.5,,0.2,59.0,141.0,4.7,5.7,,,,52.51,,934.0,4247.0,,,,
TBD,UPCOM,Hàng & Dịch vụ Công nghiệp,3602.0,30.1,2.3,2.1,3.2,3.4,0.2,0.5,,,,,,18.7,5.2,14.4,0.0,,,23.68,-1.09,186.58,4.08,17.73,9.68,1.2,0.0,0.0,0.01,72.0,27.0,50.0,77.0,,,,,4.54,56.0,,,0.0,0.0,0.0,5926.0,,,,,,,,,,,,,,,,,,,,Có,10.0,-22.4,-38.7,192.1,78.3,39.0,171.6,27.2,,,,,,,,,,,,97.5,4.0,93.0,352.9,,0.1,69.0,716.0,1.4,10.5,,,,143.46,51.21,691.0,5926.0,,,,
TCL,HSX,Hàng & Dịch vụ Công nghiệp,1071.0,25.4,3.0,3.0,3.3,4.8,0.0,0.7,,47.9,31.7,5.1,0.8,7.1,1.7,5.9,7.2,,Giá nằm trên SMA(20),6.65,11.38,8.87,7.89,14.96,9.85,0.0,1.86,2.42,2.44,56.0,51.0,37.0,46.0,1.26,Mua < Bán,35.1,51.1,6.11,48.0,,Trung tính,36.0,1.0,,5003.0,0.1,0.0,0.0,0.0,,Giá nằm trên SMA(50),,,,,,Trung tính,-3.17,2.33,,-1.13,2.33,5.43,120.44,Có,50.0,5.2,5.0,150.9,13.4,11.2,1.7,32.3,-16.5,-16.4,11.7,1135.5,Giá nằm trên SMA(100),,-1.13,36.7,62.1,64.3,69.2,69.3,1.0,45.6,90.2,0.4,0.6,50.0,508.0,0.6,14.2,,,,12.89,68.53,623.0,5003.0,1.6,0.1,1.9,3.1
TED,UPCOM,Xây dựng và Vật liệu,711.0,31.6,2.8,2.0,,4.4,0.1,0.5,,66.7,40.2,28.6,0.6,9.1,2.7,3.9,3.6,Giá cắt xuống SMA(5),Giá cắt xuống SMA(20),-7.96,,-11.0,,22.54,3.0,0.0,0.16,0.11,0.08,80.0,89.0,47.0,60.0,0.07,,57.0,42.3,35.25,69.0,,Bán mạnh,0.0,0.0,0.0,6249.0,0.0,0.1,0.1,0.1,Giá cắt xuống SMA(10),Giá cắt xuống SMA(50),,,,Tín hiệu bán,,Trung tính,10.68,9.9,,0.2,9.9,1.76,,Có,30.0,36.4,18.7,78.1,122.0,9.8,155.3,28.1,-21.3,-21.3,35.1,209.8,Giá nằm trên SMA(100),,0.2,2.2,1.8,1.2,1.0,65.1,1.0,-7.0,-55.0,,0.3,13.0,432.0,0.4,5.9,,,"{'vi': 'Giá cắt xuống SMA(200)', 'en': 'Price cross below SMA(200)'}",26.89,,265.0,6249.0,-4.9,-8.3,-3.9,-3.4
TFC,HNX,Thực phẩm và đồ uống,1128.0,52.6,2.9,4.2,,4.2,0.5,0.9,,100.0,4.6,23.6,0.1,5.9,2.5,6.5,0.0,,Giá nằm dưới SMA(20),15.57,10.91,208.77,47.78,27.75,13.46,0.7,0.21,0.33,0.33,45.0,3.0,3.0,97.0,0.02,,67.5,38.0,33.77,37.0,,Trung tính,-1.0,0.0,0.0,11421.0,0.1,0.1,0.1,0.1,Giá cắt lên SMA(10),Giá nằm dưới SMA(50),,,,,,Trung tính,3.05,-11.65,,0.75,-11.65,159.55,1578.67,Có,25.0,-15.9,-18.4,192.2,19.5,127.1,13.4,1072.6,-22.4,-21.0,211.5,2346.1,Giá nằm dưới SMA(100),,0.75,2.7,4.3,4.4,5.0,,1.0,8.0,-21.0,,0.0,31.0,230.0,1.1,22.8,,,,118.03,531.36,454.0,11421.0,3.9,-4.2,-9.5,-9.5
THG,HSX,Xây dựng và Vật liệu,1609.0,26.1,2.6,2.5,3.2,4.0,0.1,0.9,,83.3,40.2,2.3,1.7,9.0,2.2,6.5,7.5,,Giá nằm dưới SMA(20),11.82,7.59,21.56,-7.36,20.96,6.52,0.7,2.78,3.14,4.74,27.0,3.0,57.0,82.0,3.49,Mua < Bán,51.6,30.8,1.47,42.0,,Bán,-8.0,,3.0,5720.0,0.2,0.1,0.1,0.1,,Giá nằm dưới SMA(50),,,,,,Trung tính,-4.09,-11.19,,-0.19,-11.19,56.11,189.57,Có,65.0,-16.4,-12.3,178.1,66.1,58.3,127.2,76.6,-13.4,-11.8,58.2,9226.0,Giá nằm trên SMA(100),,-0.19,43.1,52.2,87.1,71.0,10.4,2.0,21.5,31.3,0.2,0.1,41.0,625.0,0.7,8.9,,,,88.32,-24.9,728.0,5720.0,11.0,-5.1,-7.7,0.4
TNG,HNX,Hàng cá nhân & Gia dụng,2415.0,19.1,2.3,2.5,3.0,2.4,-0.2,1.4,,51.3,61.9,0.0,1.1,6.9,1.3,9.1,8.4,,Giá nằm dưới SMA(20),7.9,10.67,44.66,0.68,14.64,4.75,2.0,43.12,54.61,50.86,5.0,10.0,58.0,4.0,30.99,Mua < Bán,19.6,42.7,16.66,19.0,Chờ bán,Bán mạnh,-440.0,,3.0,2841.0,0.6,0.4,0.4,0.4,,Giá nằm dưới SMA(50),,,,,,Trung tính,-8.84,-5.77,,-0.51,-5.77,-24.95,198.34,Có,65.0,-149.8,-53.2,348.3,16.3,11.6,36.4,3.4,-27.0,-28.4,55.2,2927.0,Giá nằm trên SMA(100),,-0.51,1569.4,2358.9,2304.0,2206.5,25.2,6.0,67.3,177.1,0.6,0.2,120.0,2528.0,0.3,5.5,,,,36.1,47.95,1837.0,2841.0,-3.8,-4.4,-3.1,5.8
TRC,HSX,Hóa chất,2077.0,16.2,3.7,4.3,3.1,5.0,0.1,1.0,,40.2,17.9,0.5,0.6,7.0,1.0,5.3,4.8,,Giá nằm trên SMA(20),32.25,17.39,227.39,21.56,31.28,26.4,0.0,20.96,16.4,16.82,93.0,57.0,47.0,92.0,12.56,Mua < Bán,67.9,58.9,3.05,72.0,Chờ mua,Mua mạnh,177.0,,1.0,10244.0,0.1,0.1,0.1,0.1,,Giá nằm trên SMA(50),,,,,,Trung tính,1.04,-0.72,,-4.77,-0.72,87.3,162.12,Có,35.0,14.0,12.8,298.4,46.0,55.4,172.2,357.7,-20.4,-19.4,89.5,902.4,Giá nằm trên SMA(100),,-4.77,269.4,224.8,218.0,226.0,70.9,2.0,-41.6,-50.5,0.5,0.0,35.0,132.0,2.4,13.9,,,,229.9,244.99,1986.0,10244.0,11.4,4.4,5.8,7.8
TTD,UPCOM,Y tế,1176.0,30.9,2.7,3.0,3.6,4.2,0.2,-0.2,,,98.6,,,12.3,3.6,9.3,4.9,,,5.0,3.33,1.45,1.83,23.06,13.04,0.0,0.0,0.0,0.0,72.0,54.0,46.0,52.0,,,,,0.41,56.0,,,0.0,0.0,0.0,6154.0,,,,,,,,,,,,,,,,,,,,Có,75.0,8.6,23.6,95.7,16.4,1.3,43.5,19.7,,,,,,,,,,,,7.8,1.0,22.5,73.3,,0.4,29.0,220.0,1.4,24.2,,,,28.92,48.51,327.0,6154.0,,,,
TTN,UPCOM,Viễn thông,609.0,14.4,2.6,3.1,3.2,4.2,0.0,1.2,,39.9,41.1,0.1,0.4,9.2,1.3,5.1,4.1,,Giá nằm dưới SMA(20),-0.71,7.33,84.35,-3.49,35.37,20.02,0.0,4.43,4.34,4.57,16.0,8.0,7.0,96.0,1.79,,16.4,32.8,0.29,32.0,,Bán mạnh,17.0,0.0,0.0,1799.0,0.1,0.1,0.1,0.1,,Giá nằm dưới SMA(50),,,,,,Trung tính,-9.67,-13.71,,-1.15,-13.71,7.61,280.89,Có,50.0,10.1,10.3,66.1,11.1,11.7,5.1,30.8,-35.6,-34.2,41.5,711.4,Giá nằm dưới SMA(100),,-1.15,188.6,215.9,250.5,256.8,65.8,1.0,30.2,13.1,,0.4,19.0,97.0,1.6,11.5,,,,22.01,108.49,470.0,1799.0,-8.3,-5.4,-6.7,-1.6
TV1,UPCOM,Hàng & Dịch vụ Công nghiệp,653.0,32.0,3.1,3.6,3.2,3.8,0.0,0.7,,32.3,48.6,9.5,1.0,5.3,1.5,3.8,0.0,,Giá nằm dưới SMA(20),5.82,0.13,27.26,181.27,36.29,24.8,0.5,1.55,1.8,2.24,64.0,76.0,76.0,70.0,1.53,,23.6,40.0,1.0,72.0,,Bán mạnh,62.0,0.0,0.0,4636.0,0.2,0.1,0.1,0.1,,Giá nằm dưới SMA(50),,,,,,Trung tính,-7.64,-5.04,,-3.49,-5.04,5.03,149.88,Có,35.0,-30.2,-20.2,123.8,19.4,44.2,96.1,111.3,-20.5,-17.7,23.6,846.9,Giá nằm dưới SMA(100),,-3.49,49.8,64.6,88.2,63.7,54.3,1.0,14.5,4.6,,0.1,32.0,129.0,1.1,12.3,,,,66.0,,426.0,4636.0,0.9,-3.8,-3.3,-0.8
TYA,HSX,Hàng & Dịch vụ Công nghiệp,528.0,18.3,2.6,1.8,3.5,3.0,0.1,0.8,,74.9,53.4,17.7,1.3,5.3,0.9,8.6,6.4,,Giá nằm dưới SMA(20),26.78,-0.23,7969.58,-2.7,11.08,5.76,1.7,0.33,0.39,0.62,69.0,80.0,70.0,53.0,0.34,Mua > Bán,16.95,59.4,37.27,68.0,,Trung tính,-61.0,0.0,0.0,3241.0,0.0,0.0,0.0,0.0,,Giá nằm trên SMA(50),,,,,,Trung tính,-1.74,15.31,,-1.45,15.31,39.0,68.2,Có,12.0,-142.9,-45.5,99.4,27.2,34.2,83.2,38.7,-6.9,-26.0,47.6,1668.1,Giá nằm trên SMA(100),,-1.45,12.6,19.7,27.1,25.5,83.5,1.0,24.5,70.5,,0.0,35.0,614.0,0.2,7.2,,,,154.51,39.87,579.0,3241.0,18.4,-0.1,9.0,16.0
VAB,HSX,Ngân hàng,11225.0,11.1,2.9,3.4,3.0,3.4,0.3,1.1,,28.4,83.2,3.9,0.6,11.4,1.2,,0.0,,Giá nằm trên SMA(20),5.93,16.45,16.52,17.9,,45.81,,53.96,67.57,56.71,43.0,82.0,95.0,95.0,24.65,Mua < Bán,13.2,70.2,0.21,78.0,,Mua mạnh,-142.0,1.0,,1211.0,0.2,0.1,0.1,0.2,,Giá nằm trên SMA(50),,,,,,Trung tính,-5.38,,,-4.0,,116.77,,Có,90.0,,,988.3,3.9,3.5,12.6,44.5,-11.4,-7.0,34.4,256.4,Giá nằm trên SMA(100),,-4.0,2329.2,3706.9,3355.9,2210.7,14.9,,-8.7,-4.9,0.0,0.4,279.0,608.0,,0.8,1.1,2.2,,26.66,119.68,9421.0,1211.0,78.5,10.5,27.9,50.2
VAF,HSX,Hóa chất,712.0,21.2,3.3,3.0,3.5,5.0,0.1,0.5,,100.0,24.1,4.8,0.1,6.5,1.3,2.7,7.5,,Giá nằm dưới SMA(20),21.83,9.02,-3.64,38.47,23.55,11.68,0.0,0.1,0.07,0.13,80.0,50.0,46.0,86.0,0.01,,18.9,42.1,0.02,66.0,,Bán,1.0,1.0,,2920.0,0.1,0.1,0.1,0.1,,Giá nằm dưới SMA(50),,,,,,Trung tính,-3.82,-9.13,,0.0,-9.13,48.45,133.33,Có,8.0,52.1,39.8,110.0,5.7,41.5,298.8,123.4,-12.1,-10.0,58.5,539.1,Giá nằm dưới SMA(100),,0.0,3.2,3.4,5.5,5.3,91.5,0.0,-49.2,19.2,,0.1,40.0,347.0,0.5,13.7,,,,85.37,762.62,552.0,2920.0,12.6,-2.9,-4.1,-1.4
VGT,UPCOM,Hàng cá nhân & Gia dụng,6120.0,9.0,2.4,1.7,3.4,3.4,-0.2,1.5,,50.9,33.8,4.3,1.1,10.1,0.9,9.7,0.0,,Giá nằm dưới SMA(20),5.22,-1.81,95.97,-8.99,14.77,3.35,0.7,25.39,31.09,33.09,18.0,42.0,61.0,7.0,21.28,Mua < Bán,12.2,46.8,14.05,32.0,Chờ bán,Bán,14.0,,6.0,1206.0,0.7,0.5,0.4,0.5,,Giá cắt lên SMA(50),,,,,,Trung tính,-7.04,-1.75,,-0.33,-1.75,-21.19,84.95,Có,35.0,-93.8,-28.8,603.0,11.3,7.9,2389.7,372.1,-22.3,-55.2,69.4,137.5,Giá nằm trên SMA(100),,-0.33,1578.9,2155.4,2595.6,2165.5,70.7,15.0,4.3,-13.5,0.3,0.0,149.0,4450.0,0.3,3.1,,,"{'vi': 'Giá cắt lên SMA(200)', 'en': 'Price cross above SMA(200)'}",539.53,40.03,6946.0,1206.0,-1.4,-2.6,0.2,8.9
VPB,HSX,Ngân hàng,306646.0,12.4,3.2,3.7,3.5,1.4,0.1,1.1,,31.2,64.5,0.1,1.3,17.6,2.0,,2.7,,Giá nằm trên SMA(20),25.16,11.36,58.2,1.37,,29.86,,1774.88,1558.49,1484.54,100.0,99.0,99.0,94.0,1981.22,Mua < Bán,35.95,83.7,25.73,98.0,Chờ bán,Mua mạnh,11433.0,6.0,,2193.0,0.3,0.2,0.2,0.2,,Giá nằm trên SMA(50),,,,,,Trung tính,16.72,61.21,,-6.99,61.21,96.95,402.98,Có,55.0,,,17402.6,2.5,16.1,36.3,9.2,-7.6,-7.0,143.8,549.9,Giá nằm trên SMA(100),Tăng nóng vào phiên hôm trước,-6.99,39089.8,44259.1,50531.6,43780.9,26.6,,6.2,24.8,0.4,0.4,4862.0,16535.0,,1.8,4.0,5.4,,50.17,46.34,146697.0,2193.0,91.0,26.2,57.0,81.9
VPG,HSX,Tài nguyên Cơ bản,793.0,9.0,2.1,2.6,2.9,2.0,-0.3,1.2,,59.0,53.0,4.5,1.0,5.8,0.5,16.2,0.0,,Giá nằm dưới SMA(20),156.51,47.88,407.52,5.58,2.98,0.55,2.9,8.31,11.78,13.6,36.0,73.0,1.0,3.0,6.39,Mua < Bán,8.61,45.4,0.66,28.0,,Bán mạnh,-550.0,,2.0,1558.0,0.2,0.1,0.1,0.1,,Giá nằm trên SMA(50),,,,,,Trung tính,-11.24,6.82,,-4.01,6.82,-34.52,21.22,Có,70.0,-554.5,-58.3,137.8,32.9,42.5,1061.1,958.9,-39.4,-83.4,16.4,139.4,Giá nằm dưới SMA(100),,-4.01,635.3,1030.8,1387.6,1111.8,,5.0,-5.5,25.8,0.9,0.0,24.0,4370.0,0.0,1.9,,,,,248.86,1605.0,1558.0,-19.2,-4.0,3.2,-9.6
VSH,HSX,"Điện, nước & xăng dầu khí đốt",11080.0,16.9,2.7,4.0,3.0,4.6,0.0,0.1,,41.7,14.9,32.8,0.5,13.6,2.2,8.0,4.2,,,-29.04,35.45,-54.9,23.04,50.11,33.15,0.6,0.38,0.37,0.55,63.0,27.0,7.0,31.0,0.17,Mua < Bán,46.9,,11.06,32.0,Chờ mua,,-67.0,1.0,,3449.0,,,,,,,,,,,,,0.0,-1.74,,0.0,-1.74,-0.26,270.27,Có,20.0,-23.8,-30.8,814.7,21.6,78.7,147.6,15077.8,-11.8,-10.4,7.4,2066.5,Giá nằm dưới SMA(100),,0.0,,,,,93.0,14.0,-19.7,-38.1,0.5,0.1,166.0,502.0,5.1,9.3,,,,151.09,1744.75,4995.0,3449.0,,,,
VVS,UPCOM,Ô tô và phụ tùng,776.0,35.1,2.7,1.7,,3.8,0.5,0.2,,63.2,34.9,0.4,0.7,6.0,1.8,6.4,6.4,,Giá nằm trên SMA(20),71.79,,296.23,,6.0,2.65,0.9,2.78,3.47,3.48,30.0,99.0,98.0,94.0,1.36,,35.6,61.5,0.19,80.0,,Trung tính,34.0,,2.0,6019.0,0.2,0.2,0.2,0.3,,Giá nằm trên SMA(50),,,,,,Trung tính,5.04,53.35,,-1.26,53.35,117.25,,Có,40.0,-30.2,-6.0,129.6,98.4,41.7,375.0,210.0,-9.9,-8.1,161.9,161.9,Giá nằm trên SMA(100),,-1.26,62.6,89.2,88.2,50.3,8.4,1.0,82.9,111.3,,0.0,55.0,2078.0,0.1,4.0,,,,347.24,,434.0,6019.0,86.6,2.9,35.4,59.4
